"","character","index","value","cumul_value","roll_value"
"1","Daphne Blake",1,0,0,0
"2","Daphne Blake",2,-1,-1,-1
"3","Daphne Blake",3,0,-1,-1
"4","Daphne Blake",4,0,-1,-1
"5","Daphne Blake",5,0,-1,-1
"6","Daphne Blake",6,0,-1,-1
"7","Daphne Blake",7,0,-1,-1
"8","Daphne Blake",8,0,-1,-1
"9","Daphne Blake",9,0,-1,-1
"10","Daphne Blake",10,-1,-2,-2
"11","Daphne Blake",11,-1,-3,-3
"12","Daphne Blake",12,0,-3,-3
"13","Daphne Blake",13,-1,-4,-4
"14","Daphne Blake",14,-1,-5,-5
"15","Daphne Blake",15,0,-5,-5
"16","Daphne Blake",16,0,-5,-5
"17","Daphne Blake",17,0,-5,-5
"18","Daphne Blake",18,0,-5,-5
"19","Daphne Blake",19,-1,-6,-6
"20","Daphne Blake",20,0,-6,-6
"21","Daphne Blake",21,0,-6,-6
"22","Daphne Blake",22,0,-6,-6
"23","Daphne Blake",23,0,-6,-6
"24","Daphne Blake",24,-1,-7,-7
"25","Daphne Blake",25,-1,-8,-8
"26","Daphne Blake",26,-1,-9,-9
"27","Daphne Blake",27,0,-9,-9
"28","Daphne Blake",28,0,-9,-9
"29","Daphne Blake",29,0,-9,-9
"30","Daphne Blake",30,0,-9,-9
"31","Daphne Blake",31,0,-9,-9
"32","Daphne Blake",32,0,-9,-9
"33","Daphne Blake",33,0,-9,-9
"34","Daphne Blake",34,0,-9,-9
"35","Daphne Blake",35,0,-9,-9
"36","Daphne Blake",36,-1,-10,-10
"37","Daphne Blake",37,0,-10,-10
"38","Daphne Blake",38,0,-10,-10
"39","Daphne Blake",39,0,-10,-10
"40","Daphne Blake",40,0,-10,-10
"41","Daphne Blake",41,0,-10,-10
"42","Daphne Blake",42,0,-10,-10
"43","Daphne Blake",43,-1,-11,-11
"44","Daphne Blake",44,-1,-12,-12
"45","Daphne Blake",45,-1,-13,-13
"46","Daphne Blake",46,0,-13,-13
"47","Daphne Blake",47,-1,-14,-14
"48","Daphne Blake",48,0,-14,-14
"49","Daphne Blake",49,0,-14,-14
"50","Daphne Blake",50,0,-14,-14
"51","Daphne Blake",51,0,-14,-14
"52","Daphne Blake",52,0,-14,-13
"53","Daphne Blake",53,-1,-15,-14
"54","Daphne Blake",54,0,-15,-14
"55","Daphne Blake",55,0,-15,-14
"56","Daphne Blake",56,0,-15,-14
"57","Daphne Blake",57,0,-15,-14
"58","Daphne Blake",58,0,-15,-14
"59","Daphne Blake",59,0,-15,-14
"60","Daphne Blake",60,0,-15,-13
"61","Daphne Blake",61,-1,-16,-13
"62","Daphne Blake",62,-1,-17,-14
"63","Daphne Blake",63,0,-17,-13
"64","Daphne Blake",64,0,-17,-12
"65","Daphne Blake",65,-1,-18,-13
"66","Daphne Blake",66,0,-18,-13
"67","Daphne Blake",67,0,-18,-13
"68","Daphne Blake",68,0,-18,-13
"69","Daphne Blake",69,-1,-19,-13
"70","Daphne Blake",70,0,-19,-13
"71","Daphne Blake",71,0,-19,-13
"72","Daphne Blake",72,0,-19,-13
"73","Daphne Blake",73,0,-19,-13
"74","Daphne Blake",74,0,-19,-12
"75","Daphne Blake",75,0,-19,-11
"76","Daphne Blake",76,0,-19,-10
"77","Daphne Blake",77,0,-19,-10
"78","Daphne Blake",78,-1,-20,-11
"79","Daphne Blake",79,0,-20,-11
"80","Daphne Blake",80,0,-20,-11
"81","Daphne Blake",81,0,-20,-11
"82","Daphne Blake",82,0,-20,-11
"83","Daphne Blake",83,0,-20,-11
"84","Daphne Blake",84,0,-20,-11
"85","Daphne Blake",85,0,-20,-11
"86","Daphne Blake",86,0,-20,-10
"87","Daphne Blake",87,0,-20,-10
"88","Daphne Blake",88,0,-20,-10
"89","Daphne Blake",89,0,-20,-10
"90","Daphne Blake",90,0,-20,-10
"91","Daphne Blake",91,0,-20,-10
"92","Daphne Blake",92,0,-20,-10
"93","Daphne Blake",93,0,-20,-9
"94","Daphne Blake",94,0,-20,-8
"95","Daphne Blake",95,0,-20,-7
"96","Daphne Blake",96,0,-20,-7
"97","Daphne Blake",97,0,-20,-6
"98","Daphne Blake",98,0,-20,-6
"99","Daphne Blake",99,0,-20,-6
"100","Daphne Blake",100,0,-20,-6
"101","Daphne Blake",101,0,-20,-6
"102","Daphne Blake",102,0,-20,-6
"103","Daphne Blake",103,0,-20,-5
"104","Daphne Blake",104,0,-20,-5
"105","Daphne Blake",105,0,-20,-5
"106","Daphne Blake",106,0,-20,-5
"107","Daphne Blake",107,0,-20,-5
"108","Daphne Blake",108,0,-20,-5
"109","Daphne Blake",109,0,-20,-5
"110","Daphne Blake",110,0,-20,-5
"111","Daphne Blake",111,0,-20,-4
"112","Daphne Blake",112,-1,-21,-4
"113","Daphne Blake",113,0,-21,-4
"114","Daphne Blake",114,0,-21,-4
"115","Daphne Blake",115,0,-21,-3
"116","Daphne Blake",116,0,-21,-3
"117","Daphne Blake",117,0,-21,-3
"118","Daphne Blake",118,0,-21,-3
"119","Daphne Blake",119,0,-21,-2
"120","Daphne Blake",120,0,-21,-2
"121","Daphne Blake",121,0,-21,-2
"122","Daphne Blake",122,0,-21,-2
"123","Daphne Blake",123,0,-21,-2
"124","Daphne Blake",124,0,-21,-2
"125","Daphne Blake",125,0,-21,-2
"126","Daphne Blake",126,0,-21,-2
"127","Daphne Blake",127,0,-21,-2
"128","Daphne Blake",128,0,-21,-1
"129","Daphne Blake",129,0,-21,-1
"130","Daphne Blake",130,0,-21,-1
"131","Daphne Blake",131,0,-21,-1
"132","Daphne Blake",132,0,-21,-1
"133","Daphne Blake",133,0,-21,-1
"134","Daphne Blake",134,-1,-22,-2
"135","Daphne Blake",135,0,-22,-2
"136","Daphne Blake",136,0,-22,-2
"137","Daphne Blake",137,-1,-23,-3
"138","Daphne Blake",138,-1,-24,-4
"139","Daphne Blake",139,0,-24,-4
"140","Daphne Blake",140,0,-24,-4
"141","Daphne Blake",141,0,-24,-4
"142","Daphne Blake",142,0,-24,-4
"143","Daphne Blake",143,0,-24,-4
"144","Daphne Blake",144,0,-24,-4
"145","Daphne Blake",145,0,-24,-4
"146","Daphne Blake",146,0,-24,-4
"147","Daphne Blake",147,1,-23,-3
"148","Daphne Blake",148,0,-23,-3
"149","Daphne Blake",149,0,-23,-3
"150","Daphne Blake",150,0,-23,-3
"151","Daphne Blake",151,0,-23,-3
"152","Daphne Blake",152,0,-23,-3
"153","Daphne Blake",153,0,-23,-3
"154","Daphne Blake",154,0,-23,-3
"155","Daphne Blake",155,0,-23,-3
"156","Daphne Blake",156,0,-23,-3
"157","Daphne Blake",157,0,-23,-3
"158","Daphne Blake",158,0,-23,-3
"159","Daphne Blake",159,0,-23,-3
"160","Daphne Blake",160,0,-23,-3
"161","Daphne Blake",161,0,-23,-3
"162","Daphne Blake",162,0,-23,-2
"163","Daphne Blake",163,0,-23,-2
"164","Daphne Blake",164,0,-23,-2
"165","Daphne Blake",165,0,-23,-2
"166","Daphne Blake",166,0,-23,-2
"167","Daphne Blake",167,0,-23,-2
"168","Daphne Blake",168,0,-23,-2
"169","Daphne Blake",169,0,-23,-2
"170","Daphne Blake",170,0,-23,-2
"171","Daphne Blake",171,0,-23,-2
"172","Daphne Blake",172,0,-23,-2
"173","Daphne Blake",173,0,-23,-2
"174","Daphne Blake",174,0,-23,-2
"175","Daphne Blake",175,0,-23,-2
"176","Daphne Blake",176,0,-23,-2
"177","Daphne Blake",177,0,-23,-2
"178","Daphne Blake",178,0,-23,-2
"179","Daphne Blake",179,0,-23,-2
"180","Daphne Blake",180,0,-23,-2
"181","Daphne Blake",181,0,-23,-2
"182","Daphne Blake",182,0,-23,-2
"183","Daphne Blake",183,0,-23,-2
"184","Daphne Blake",184,0,-23,-1
"185","Daphne Blake",185,0,-23,-1
"186","Daphne Blake",186,0,-23,-1
"187","Daphne Blake",187,0,-23,0
"188","Daphne Blake",188,0,-23,1
"189","Daphne Blake",189,0,-23,1
"190","Daphne Blake",190,0,-23,1
"191","Daphne Blake",191,0,-23,1
"192","Daphne Blake",192,0,-23,1
"193","Daphne Blake",193,0,-23,1
"194","Daphne Blake",194,0,-23,1
"195","Daphne Blake",195,0,-23,1
"196","Daphne Blake",196,0,-23,1
"197","Daphne Blake",197,0,-23,0
"198","Daphne Blake",198,0,-23,0
"199","Daphne Blake",199,0,-23,0
"200","Daphne Blake",200,0,-23,0
"201","Daphne Blake",201,0,-23,0
"202","Daphne Blake",202,0,-23,0
"203","Daphne Blake",203,0,-23,0
"204","Daphne Blake",204,0,-23,0
"205","Daphne Blake",205,0,-23,0
"206","Daphne Blake",206,0,-23,0
"207","Daphne Blake",207,0,-23,0
"208","Daphne Blake",208,0,-23,0
"209","Daphne Blake",209,0,-23,0
"210","Daphne Blake",210,0,-23,0
"211","Daphne Blake",211,0,-23,0
"212","Daphne Blake",212,0,-23,0
"213","Daphne Blake",213,0,-23,0
"214","Daphne Blake",214,0,-23,0
"215","Daphne Blake",215,0,-23,0
"216","Daphne Blake",216,0,-23,0
"217","Daphne Blake",217,0,-23,0
"218","Daphne Blake",218,0,-23,0
"219","Daphne Blake",219,0,-23,0
"220","Daphne Blake",220,0,-23,0
"221","Daphne Blake",221,0,-23,0
"222","Daphne Blake",222,0,-23,0
"223","Daphne Blake",223,0,-23,0
"224","Daphne Blake",224,0,-23,0
"225","Daphne Blake",225,0,-23,0
"226","Daphne Blake",226,0,-23,0
"227","Daphne Blake",227,0,-23,0
"228","Daphne Blake",228,0,-23,0
"229","Daphne Blake",229,0,-23,0
"230","Daphne Blake",230,0,-23,0
"231","Daphne Blake",231,0,-23,0
"232","Daphne Blake",232,0,-23,0
"233","Daphne Blake",233,0,-23,0
"234","Daphne Blake",234,0,-23,0
"235","Daphne Blake",235,0,-23,0
"236","Daphne Blake",236,0,-23,0
"237","Daphne Blake",237,0,-23,0
"238","Daphne Blake",238,0,-23,0
"239","Daphne Blake",239,0,-23,0
"240","Daphne Blake",240,0,-23,0
"241","Daphne Blake",241,0,-23,0
"242","Daphne Blake",242,0,-23,0
"243","Daphne Blake",243,0,-23,0
"244","Daphne Blake",244,-1,-24,-1
"245","Daphne Blake",245,0,-24,-1
"246","Daphne Blake",246,0,-24,-1
"247","Daphne Blake",247,0,-24,-1
"248","Daphne Blake",248,1,-23,0
"249","Daphne Blake",249,0,-23,0
"250","Daphne Blake",250,0,-23,0
"251","Daphne Blake",251,0,-23,0
"252","Daphne Blake",252,-1,-24,-1
"253","Daphne Blake",253,0,-24,-1
"254","Daphne Blake",254,0,-24,-1
"255","Daphne Blake",255,0,-24,-1
"256","Daphne Blake",256,0,-24,-1
"257","Daphne Blake",257,0,-24,-1
"258","Daphne Blake",258,0,-24,-1
"259","Daphne Blake",259,0,-24,-1
"260","Daphne Blake",260,0,-24,-1
"261","Daphne Blake",261,1,-23,0
"262","Daphne Blake",262,-1,-24,-1
"263","Daphne Blake",263,-1,-25,-2
"264","Daphne Blake",264,0,-25,-2
"265","Daphne Blake",265,0,-25,-2
"266","Daphne Blake",266,0,-25,-2
"267","Daphne Blake",267,0,-25,-2
"268","Daphne Blake",268,0,-25,-2
"269","Daphne Blake",269,0,-25,-2
"270","Daphne Blake",270,0,-25,-2
"271","Daphne Blake",271,0,-25,-2
"272","Daphne Blake",272,0,-25,-2
"273","Daphne Blake",273,0,-25,-2
"274","Daphne Blake",274,0,-25,-2
"275","Daphne Blake",275,0,-25,-2
"276","Daphne Blake",276,0,-25,-2
"277","Daphne Blake",277,-1,-26,-3
"278","Daphne Blake",278,0,-26,-3
"279","Daphne Blake",279,0,-26,-3
"280","Daphne Blake",280,0,-26,-3
"281","Daphne Blake",281,0,-26,-3
"282","Daphne Blake",282,0,-26,-3
"283","Daphne Blake",283,0,-26,-3
"284","Daphne Blake",284,-1,-27,-4
"285","Daphne Blake",285,0,-27,-4
"286","Daphne Blake",286,0,-27,-4
"287","Daphne Blake",287,0,-27,-4
"288","Daphne Blake",288,0,-27,-4
"289","Daphne Blake",289,-1,-28,-5
"290","Daphne Blake",290,-1,-29,-6
"291","Daphne Blake",291,-1,-30,-7
"292","Daphne Blake",292,0,-30,-7
"293","Daphne Blake",293,0,-30,-7
"294","Daphne Blake",294,0,-30,-6
"295","Daphne Blake",295,0,-30,-6
"296","Daphne Blake",296,-1,-31,-7
"297","Daphne Blake",297,0,-31,-7
"298","Daphne Blake",298,0,-31,-8
"299","Daphne Blake",299,-1,-32,-9
"300","Daphne Blake",300,0,-32,-9
"301","Daphne Blake",301,0,-32,-9
"302","Daphne Blake",302,0,-32,-8
"303","Daphne Blake",303,0,-32,-8
"304","Daphne Blake",304,0,-32,-8
"305","Daphne Blake",305,-1,-33,-9
"306","Daphne Blake",306,0,-33,-9
"307","Daphne Blake",307,0,-33,-9
"308","Daphne Blake",308,0,-33,-9
"309","Daphne Blake",309,-1,-34,-10
"310","Daphne Blake",310,0,-34,-10
"311","Daphne Blake",311,0,-34,-11
"312","Daphne Blake",312,0,-34,-10
"313","Daphne Blake",313,0,-34,-9
"314","Daphne Blake",314,-1,-35,-10
"315","Daphne Blake",315,1,-34,-9
"316","Daphne Blake",316,0,-34,-9
"317","Daphne Blake",317,0,-34,-9
"318","Daphne Blake",318,0,-34,-9
"319","Daphne Blake",319,0,-34,-9
"320","Daphne Blake",320,0,-34,-9
"321","Daphne Blake",321,0,-34,-9
"322","Daphne Blake",322,-1,-35,-10
"323","Daphne Blake",323,0,-35,-10
"324","Daphne Blake",324,0,-35,-10
"325","Daphne Blake",325,0,-35,-10
"326","Daphne Blake",326,0,-35,-10
"327","Daphne Blake",327,0,-35,-9
"328","Daphne Blake",328,0,-35,-9
"329","Daphne Blake",329,0,-35,-9
"330","Daphne Blake",330,0,-35,-9
"331","Daphne Blake",331,0,-35,-9
"332","Daphne Blake",332,0,-35,-9
"333","Daphne Blake",333,0,-35,-9
"334","Daphne Blake",334,0,-35,-8
"335","Daphne Blake",335,0,-35,-8
"336","Daphne Blake",336,-1,-36,-9
"337","Daphne Blake",337,0,-36,-9
"338","Daphne Blake",338,0,-36,-9
"339","Daphne Blake",339,-1,-37,-9
"340","Daphne Blake",340,-1,-38,-9
"341","Daphne Blake",341,0,-38,-8
"342","Daphne Blake",342,0,-38,-8
"343","Daphne Blake",343,0,-38,-8
"344","Daphne Blake",344,0,-38,-8
"345","Daphne Blake",345,0,-38,-8
"346","Daphne Blake",346,0,-38,-7
"347","Daphne Blake",347,-1,-39,-8
"348","Daphne Blake",348,0,-39,-8
"349","Daphne Blake",349,0,-39,-7
"350","Daphne Blake",350,0,-39,-7
"351","Daphne Blake",351,0,-39,-7
"352","Daphne Blake",352,0,-39,-7
"353","Daphne Blake",353,1,-38,-6
"354","Daphne Blake",354,1,-37,-5
"355","Daphne Blake",355,0,-37,-4
"356","Daphne Blake",356,0,-37,-4
"357","Daphne Blake",357,0,-37,-4
"358","Daphne Blake",358,0,-37,-4
"359","Daphne Blake",359,0,-37,-3
"360","Daphne Blake",360,-1,-38,-4
"361","Daphne Blake",361,-1,-39,-5
"362","Daphne Blake",362,-1,-40,-6
"363","Daphne Blake",363,-1,-41,-7
"364","Daphne Blake",364,0,-41,-6
"365","Daphne Blake",365,0,-41,-7
"366","Daphne Blake",366,1,-40,-6
"367","Daphne Blake",367,0,-40,-6
"368","Daphne Blake",368,0,-40,-6
"369","Daphne Blake",369,0,-40,-6
"370","Daphne Blake",370,0,-40,-6
"371","Daphne Blake",371,0,-40,-6
"372","Daphne Blake",372,-1,-41,-6
"373","Daphne Blake",373,-1,-42,-7
"374","Daphne Blake",374,1,-41,-6
"375","Daphne Blake",375,1,-40,-5
"376","Daphne Blake",376,-1,-41,-6
"377","Daphne Blake",377,-1,-42,-7
"378","Daphne Blake",378,0,-42,-7
"379","Daphne Blake",379,-1,-43,-8
"380","Daphne Blake",380,0,-43,-8
"381","Daphne Blake",381,-1,-44,-9
"382","Daphne Blake",382,0,-44,-9
"383","Daphne Blake",383,1,-43,-8
"384","Daphne Blake",384,0,-43,-8
"385","Daphne Blake",385,0,-43,-8
"386","Daphne Blake",386,-1,-44,-8
"387","Daphne Blake",387,0,-44,-8
"388","Daphne Blake",388,0,-44,-8
"389","Daphne Blake",389,0,-44,-7
"390","Daphne Blake",390,0,-44,-6
"391","Daphne Blake",391,0,-44,-6
"392","Daphne Blake",392,-1,-45,-7
"393","Daphne Blake",393,0,-45,-7
"394","Daphne Blake",394,0,-45,-7
"395","Daphne Blake",395,0,-45,-7
"396","Daphne Blake",396,0,-45,-7
"397","Daphne Blake",397,0,-45,-6
"398","Daphne Blake",398,0,-45,-6
"399","Daphne Blake",399,0,-45,-6
"400","Daphne Blake",400,0,-45,-6
"401","Daphne Blake",401,0,-45,-6
"402","Daphne Blake",402,0,-45,-6
"403","Daphne Blake",403,0,-45,-7
"404","Daphne Blake",404,0,-45,-8
"405","Daphne Blake",405,0,-45,-8
"406","Daphne Blake",406,0,-45,-8
"407","Daphne Blake",407,0,-45,-8
"408","Daphne Blake",408,0,-45,-8
"409","Daphne Blake",409,0,-45,-8
"410","Daphne Blake",410,0,-45,-7
"411","Daphne Blake",411,0,-45,-6
"412","Daphne Blake",412,0,-45,-5
"413","Daphne Blake",413,0,-45,-4
"414","Daphne Blake",414,0,-45,-4
"415","Daphne Blake",415,0,-45,-4
"416","Daphne Blake",416,0,-45,-5
"417","Daphne Blake",417,0,-45,-5
"418","Daphne Blake",418,0,-45,-5
"419","Daphne Blake",419,0,-45,-5
"420","Daphne Blake",420,-1,-46,-6
"421","Daphne Blake",421,-1,-47,-7
"422","Daphne Blake",422,-1,-48,-7
"423","Daphne Blake",423,0,-48,-6
"424","Daphne Blake",424,0,-48,-7
"425","Daphne Blake",425,0,-48,-8
"426","Daphne Blake",426,0,-48,-7
"427","Daphne Blake",427,-1,-49,-7
"428","Daphne Blake",428,0,-49,-7
"429","Daphne Blake",429,0,-49,-6
"430","Daphne Blake",430,-1,-50,-7
"431","Daphne Blake",431,0,-50,-6
"432","Daphne Blake",432,0,-50,-6
"433","Daphne Blake",433,0,-50,-7
"434","Daphne Blake",434,0,-50,-7
"435","Daphne Blake",435,0,-50,-7
"436","Daphne Blake",436,0,-50,-6
"437","Daphne Blake",437,0,-50,-6
"438","Daphne Blake",438,-1,-51,-7
"439","Daphne Blake",439,-1,-52,-8
"440","Daphne Blake",440,0,-52,-8
"441","Daphne Blake",441,-1,-53,-9
"442","Daphne Blake",442,-1,-54,-9
"443","Daphne Blake",443,0,-54,-9
"444","Daphne Blake",444,0,-54,-9
"445","Daphne Blake",445,-1,-55,-10
"446","Daphne Blake",446,0,-55,-10
"447","Daphne Blake",447,0,-55,-10
"448","Daphne Blake",448,0,-55,-10
"449","Daphne Blake",449,0,-55,-10
"450","Daphne Blake",450,-1,-56,-11
"451","Daphne Blake",451,0,-56,-11
"452","Daphne Blake",452,0,-56,-11
"453","Daphne Blake",453,-1,-57,-12
"454","Daphne Blake",454,1,-56,-11
"455","Daphne Blake",455,0,-56,-11
"456","Daphne Blake",456,0,-56,-11
"457","Daphne Blake",457,0,-56,-11
"458","Daphne Blake",458,0,-56,-11
"459","Daphne Blake",459,0,-56,-11
"460","Daphne Blake",460,0,-56,-11
"461","Daphne Blake",461,0,-56,-11
"462","Daphne Blake",462,0,-56,-11
"463","Daphne Blake",463,0,-56,-11
"464","Daphne Blake",464,0,-56,-11
"465","Daphne Blake",465,0,-56,-11
"466","Daphne Blake",466,0,-56,-11
"467","Daphne Blake",467,0,-56,-11
"468","Daphne Blake",468,0,-56,-11
"469","Daphne Blake",469,0,-56,-11
"470","Daphne Blake",470,0,-56,-10
"471","Daphne Blake",471,-1,-57,-10
"472","Daphne Blake",472,1,-56,-8
"473","Daphne Blake",473,0,-56,-8
"474","Daphne Blake",474,0,-56,-8
"475","Daphne Blake",475,-1,-57,-9
"476","Daphne Blake",476,0,-57,-9
"477","Daphne Blake",477,-1,-58,-9
"478","Daphne Blake",478,0,-58,-9
"479","Daphne Blake",479,0,-58,-9
"480","Daphne Blake",480,0,-58,-8
"481","Daphne Blake",481,0,-58,-8
"482","Daphne Blake",482,0,-58,-8
"483","Daphne Blake",483,0,-58,-8
"484","Daphne Blake",484,0,-58,-8
"485","Daphne Blake",485,0,-58,-8
"486","Daphne Blake",486,0,-58,-8
"487","Daphne Blake",487,0,-58,-8
"488","Daphne Blake",488,0,-58,-7
"489","Daphne Blake",489,0,-58,-6
"490","Daphne Blake",490,-1,-59,-7
"491","Daphne Blake",491,0,-59,-6
"492","Daphne Blake",492,0,-59,-5
"493","Daphne Blake",493,0,-59,-5
"494","Daphne Blake",494,0,-59,-5
"495","Daphne Blake",495,0,-59,-4
"496","Daphne Blake",496,0,-59,-4
"497","Daphne Blake",497,0,-59,-4
"498","Daphne Blake",498,1,-58,-3
"499","Daphne Blake",499,0,-58,-3
"500","Daphne Blake",500,0,-58,-2
"501","Daphne Blake",501,-1,-59,-3
"502","Daphne Blake",502,0,-59,-3
"503","Daphne Blake",503,0,-59,-2
"504","Daphne Blake",504,1,-58,-2
"505","Daphne Blake",505,0,-58,-2
"506","Daphne Blake",506,1,-57,-1
"507","Daphne Blake",507,1,-56,0
"508","Daphne Blake",508,-1,-57,-1
"509","Daphne Blake",509,0,-57,-1
"510","Daphne Blake",510,0,-57,-1
"511","Daphne Blake",511,1,-56,0
"512","Daphne Blake",512,0,-56,0
"513","Daphne Blake",513,1,-55,1
"514","Daphne Blake",514,0,-55,1
"515","Daphne Blake",515,0,-55,1
"516","Daphne Blake",516,0,-55,1
"517","Daphne Blake",517,0,-55,1
"518","Daphne Blake",518,0,-55,1
"519","Daphne Blake",519,1,-54,2
"520","Daphne Blake",520,-1,-55,1
"521","Daphne Blake",521,0,-55,2
"522","Daphne Blake",522,-1,-56,0
"523","Daphne Blake",523,0,-56,0
"524","Daphne Blake",524,-1,-57,-1
"525","Daphne Blake",525,0,-57,0
"526","Daphne Blake",526,0,-57,0
"527","Daphne Blake",527,-1,-58,0
"528","Daphne Blake",528,1,-57,1
"529","Daphne Blake",529,0,-57,1
"530","Daphne Blake",530,0,-57,1
"531","Daphne Blake",531,0,-57,1
"532","Daphne Blake",532,-1,-58,0
"533","Daphne Blake",533,0,-58,0
"534","Daphne Blake",534,0,-58,0
"535","Daphne Blake",535,-1,-59,-1
"536","Daphne Blake",536,0,-59,-1
"537","Daphne Blake",537,0,-59,-1
"538","Daphne Blake",538,0,-59,-1
"539","Daphne Blake",539,1,-58,0
"540","Daphne Blake",540,0,-58,1
"541","Daphne Blake",541,0,-58,1
"542","Daphne Blake",542,0,-58,1
"543","Daphne Blake",543,0,-58,1
"544","Daphne Blake",544,0,-58,1
"545","Daphne Blake",545,0,-58,1
"546","Daphne Blake",546,0,-58,1
"547","Daphne Blake",547,0,-58,1
"548","Daphne Blake",548,-1,-59,-1
"549","Daphne Blake",549,0,-59,-1
"550","Daphne Blake",550,0,-59,-1
"551","Daphne Blake",551,0,-59,0
"552","Daphne Blake",552,0,-59,0
"553","Daphne Blake",553,0,-59,0
"554","Daphne Blake",554,0,-59,-1
"555","Daphne Blake",555,0,-59,-1
"556","Daphne Blake",556,0,-59,-2
"557","Daphne Blake",557,1,-58,-2
"558","Daphne Blake",558,0,-58,-1
"559","Daphne Blake",559,0,-58,-1
"560","Daphne Blake",560,0,-58,-1
"561","Daphne Blake",561,-1,-59,-3
"562","Daphne Blake",562,1,-58,-2
"563","Daphne Blake",563,0,-58,-3
"564","Daphne Blake",564,0,-58,-3
"565","Daphne Blake",565,0,-58,-3
"566","Daphne Blake",566,0,-58,-3
"567","Daphne Blake",567,0,-58,-3
"568","Daphne Blake",568,0,-58,-3
"569","Daphne Blake",569,0,-58,-4
"570","Daphne Blake",570,0,-58,-3
"571","Daphne Blake",571,-1,-59,-4
"572","Daphne Blake",572,0,-59,-3
"573","Daphne Blake",573,-1,-60,-4
"574","Daphne Blake",574,-1,-61,-4
"575","Daphne Blake",575,-1,-62,-5
"576","Daphne Blake",576,-1,-63,-6
"577","Daphne Blake",577,0,-63,-5
"578","Daphne Blake",578,0,-63,-6
"579","Daphne Blake",579,0,-63,-6
"580","Daphne Blake",580,0,-63,-6
"581","Daphne Blake",581,0,-63,-6
"582","Daphne Blake",582,0,-63,-5
"583","Daphne Blake",583,0,-63,-5
"584","Daphne Blake",584,0,-63,-5
"585","Daphne Blake",585,0,-63,-4
"586","Daphne Blake",586,0,-63,-4
"587","Daphne Blake",587,1,-62,-3
"588","Daphne Blake",588,0,-62,-3
"589","Daphne Blake",589,0,-62,-4
"590","Daphne Blake",590,0,-62,-4
"591","Daphne Blake",591,0,-62,-4
"592","Daphne Blake",592,0,-62,-4
"593","Daphne Blake",593,0,-62,-4
"594","Daphne Blake",594,0,-62,-4
"595","Daphne Blake",595,0,-62,-4
"596","Daphne Blake",596,0,-62,-4
"597","Daphne Blake",597,0,-62,-4
"598","Daphne Blake",598,0,-62,-3
"599","Daphne Blake",599,1,-61,-2
"600","Daphne Blake",600,0,-61,-2
"601","Daphne Blake",601,0,-61,-2
"602","Daphne Blake",602,-1,-62,-3
"603","Daphne Blake",603,0,-62,-3
"604","Fred Jones",1,0,0,0
"605","Fred Jones",2,-1,-1,-1
"606","Fred Jones",3,0,-1,-1
"607","Fred Jones",4,1,0,0
"608","Fred Jones",5,0,0,0
"609","Fred Jones",6,1,1,1
"610","Fred Jones",7,1,2,2
"611","Fred Jones",8,0,2,2
"612","Fred Jones",9,0,2,2
"613","Fred Jones",10,0,2,2
"614","Fred Jones",11,0,2,2
"615","Fred Jones",12,0,2,2
"616","Fred Jones",13,1,3,3
"617","Fred Jones",14,-1,2,2
"618","Fred Jones",15,1,3,3
"619","Fred Jones",16,0,3,3
"620","Fred Jones",17,0,3,3
"621","Fred Jones",18,1,4,4
"622","Fred Jones",19,0,4,4
"623","Fred Jones",20,0,4,4
"624","Fred Jones",21,0,4,4
"625","Fred Jones",22,0,4,4
"626","Fred Jones",23,0,4,4
"627","Fred Jones",24,-1,3,3
"628","Fred Jones",25,0,3,3
"629","Fred Jones",26,-1,2,2
"630","Fred Jones",27,0,2,2
"631","Fred Jones",28,1,3,3
"632","Fred Jones",29,1,4,4
"633","Fred Jones",30,0,4,4
"634","Fred Jones",31,0,4,4
"635","Fred Jones",32,1,5,5
"636","Fred Jones",33,1,6,6
"637","Fred Jones",34,0,6,6
"638","Fred Jones",35,0,6,6
"639","Fred Jones",36,0,6,6
"640","Fred Jones",37,0,6,6
"641","Fred Jones",38,0,6,6
"642","Fred Jones",39,1,7,7
"643","Fred Jones",40,-1,6,6
"644","Fred Jones",41,0,6,6
"645","Fred Jones",42,0,6,6
"646","Fred Jones",43,-1,5,5
"647","Fred Jones",44,-1,4,4
"648","Fred Jones",45,0,4,4
"649","Fred Jones",46,0,4,4
"650","Fred Jones",47,-1,3,3
"651","Fred Jones",48,0,3,3
"652","Fred Jones",49,0,3,3
"653","Fred Jones",50,0,3,3
"654","Fred Jones",51,0,3,3
"655","Fred Jones",52,0,3,4
"656","Fred Jones",53,-1,2,3
"657","Fred Jones",54,1,3,3
"658","Fred Jones",55,0,3,3
"659","Fred Jones",56,0,3,2
"660","Fred Jones",57,0,3,1
"661","Fred Jones",58,0,3,1
"662","Fred Jones",59,1,4,2
"663","Fred Jones",60,1,5,3
"664","Fred Jones",61,0,5,3
"665","Fred Jones",62,-1,4,2
"666","Fred Jones",63,1,5,2
"667","Fred Jones",64,1,6,4
"668","Fred Jones",65,-1,5,2
"669","Fred Jones",66,0,5,2
"670","Fred Jones",67,0,5,2
"671","Fred Jones",68,0,5,1
"672","Fred Jones",69,-1,4,0
"673","Fred Jones",70,0,4,0
"674","Fred Jones",71,0,4,0
"675","Fred Jones",72,0,4,0
"676","Fred Jones",73,0,4,0
"677","Fred Jones",74,0,4,1
"678","Fred Jones",75,0,4,1
"679","Fred Jones",76,0,4,2
"680","Fred Jones",77,0,4,2
"681","Fred Jones",78,0,4,1
"682","Fred Jones",79,0,4,0
"683","Fred Jones",80,0,4,0
"684","Fred Jones",81,0,4,0
"685","Fred Jones",82,0,4,-1
"686","Fred Jones",83,0,4,-2
"687","Fred Jones",84,0,4,-2
"688","Fred Jones",85,0,4,-2
"689","Fred Jones",86,0,4,-2
"690","Fred Jones",87,0,4,-2
"691","Fred Jones",88,0,4,-2
"692","Fred Jones",89,0,4,-3
"693","Fred Jones",90,1,5,-1
"694","Fred Jones",91,0,5,-1
"695","Fred Jones",92,0,5,-1
"696","Fred Jones",93,0,5,0
"697","Fred Jones",94,0,5,1
"698","Fred Jones",95,0,5,1
"699","Fred Jones",96,0,5,1
"700","Fred Jones",97,0,5,2
"701","Fred Jones",98,0,5,2
"702","Fred Jones",99,0,5,2
"703","Fred Jones",100,0,5,2
"704","Fred Jones",101,0,5,2
"705","Fred Jones",102,0,5,2
"706","Fred Jones",103,0,5,3
"707","Fred Jones",104,0,5,2
"708","Fred Jones",105,0,5,2
"709","Fred Jones",106,0,5,2
"710","Fred Jones",107,0,5,2
"711","Fred Jones",108,0,5,2
"712","Fred Jones",109,0,5,1
"713","Fred Jones",110,0,5,0
"714","Fred Jones",111,0,5,0
"715","Fred Jones",112,0,5,1
"716","Fred Jones",113,0,5,0
"717","Fred Jones",114,0,5,-1
"718","Fred Jones",115,0,5,0
"719","Fred Jones",116,0,5,0
"720","Fred Jones",117,0,5,0
"721","Fred Jones",118,0,5,0
"722","Fred Jones",119,0,5,1
"723","Fred Jones",120,0,5,1
"724","Fred Jones",121,1,6,2
"725","Fred Jones",122,0,6,2
"726","Fred Jones",123,0,6,2
"727","Fred Jones",124,0,6,2
"728","Fred Jones",125,0,6,2
"729","Fred Jones",126,0,6,2
"730","Fred Jones",127,1,7,3
"731","Fred Jones",128,0,7,3
"732","Fred Jones",129,0,7,3
"733","Fred Jones",130,0,7,3
"734","Fred Jones",131,0,7,3
"735","Fred Jones",132,0,7,3
"736","Fred Jones",133,0,7,3
"737","Fred Jones",134,0,7,3
"738","Fred Jones",135,0,7,3
"739","Fred Jones",136,0,7,3
"740","Fred Jones",137,0,7,3
"741","Fred Jones",138,-1,6,2
"742","Fred Jones",139,0,6,2
"743","Fred Jones",140,0,6,1
"744","Fred Jones",141,0,6,1
"745","Fred Jones",142,0,6,1
"746","Fred Jones",143,1,7,2
"747","Fred Jones",144,0,7,2
"748","Fred Jones",145,0,7,2
"749","Fred Jones",146,0,7,2
"750","Fred Jones",147,1,8,3
"751","Fred Jones",148,0,8,3
"752","Fred Jones",149,1,9,4
"753","Fred Jones",150,0,9,4
"754","Fred Jones",151,0,9,4
"755","Fred Jones",152,0,9,4
"756","Fred Jones",153,0,9,4
"757","Fred Jones",154,0,9,4
"758","Fred Jones",155,0,9,4
"759","Fred Jones",156,0,9,4
"760","Fred Jones",157,0,9,4
"761","Fred Jones",158,0,9,4
"762","Fred Jones",159,0,9,4
"763","Fred Jones",160,0,9,4
"764","Fred Jones",161,0,9,4
"765","Fred Jones",162,0,9,4
"766","Fred Jones",163,0,9,4
"767","Fred Jones",164,0,9,4
"768","Fred Jones",165,0,9,4
"769","Fred Jones",166,0,9,4
"770","Fred Jones",167,0,9,4
"771","Fred Jones",168,0,9,4
"772","Fred Jones",169,0,9,4
"773","Fred Jones",170,0,9,4
"774","Fred Jones",171,0,9,3
"775","Fred Jones",172,0,9,3
"776","Fred Jones",173,0,9,3
"777","Fred Jones",174,0,9,3
"778","Fred Jones",175,0,9,3
"779","Fred Jones",176,0,9,3
"780","Fred Jones",177,0,9,2
"781","Fred Jones",178,0,9,2
"782","Fred Jones",179,0,9,2
"783","Fred Jones",180,0,9,2
"784","Fred Jones",181,0,9,2
"785","Fred Jones",182,0,9,2
"786","Fred Jones",183,0,9,2
"787","Fred Jones",184,0,9,2
"788","Fred Jones",185,0,9,2
"789","Fred Jones",186,0,9,2
"790","Fred Jones",187,0,9,2
"791","Fred Jones",188,0,9,3
"792","Fred Jones",189,0,9,3
"793","Fred Jones",190,0,9,3
"794","Fred Jones",191,0,9,3
"795","Fred Jones",192,0,9,3
"796","Fred Jones",193,0,9,2
"797","Fred Jones",194,0,9,2
"798","Fred Jones",195,0,9,2
"799","Fred Jones",196,0,9,2
"800","Fred Jones",197,0,9,1
"801","Fred Jones",198,0,9,1
"802","Fred Jones",199,0,9,0
"803","Fred Jones",200,0,9,0
"804","Fred Jones",201,0,9,0
"805","Fred Jones",202,0,9,0
"806","Fred Jones",203,0,9,0
"807","Fred Jones",204,0,9,0
"808","Fred Jones",205,0,9,0
"809","Fred Jones",206,0,9,0
"810","Fred Jones",207,0,9,0
"811","Fred Jones",208,0,9,0
"812","Fred Jones",209,0,9,0
"813","Fred Jones",210,0,9,0
"814","Fred Jones",211,0,9,0
"815","Fred Jones",212,0,9,0
"816","Fred Jones",213,0,9,0
"817","Fred Jones",214,0,9,0
"818","Fred Jones",215,0,9,0
"819","Fred Jones",216,0,9,0
"820","Fred Jones",217,0,9,0
"821","Fred Jones",218,0,9,0
"822","Fred Jones",219,0,9,0
"823","Fred Jones",220,0,9,0
"824","Fred Jones",221,0,9,0
"825","Fred Jones",222,0,9,0
"826","Fred Jones",223,0,9,0
"827","Fred Jones",224,0,9,0
"828","Fred Jones",225,0,9,0
"829","Fred Jones",226,0,9,0
"830","Fred Jones",227,0,9,0
"831","Fred Jones",228,0,9,0
"832","Fred Jones",229,0,9,0
"833","Fred Jones",230,0,9,0
"834","Fred Jones",231,0,9,0
"835","Fred Jones",232,0,9,0
"836","Fred Jones",233,0,9,0
"837","Fred Jones",234,0,9,0
"838","Fred Jones",235,0,9,0
"839","Fred Jones",236,0,9,0
"840","Fred Jones",237,0,9,0
"841","Fred Jones",238,0,9,0
"842","Fred Jones",239,0,9,0
"843","Fred Jones",240,0,9,0
"844","Fred Jones",241,0,9,0
"845","Fred Jones",242,0,9,0
"846","Fred Jones",243,0,9,0
"847","Fred Jones",244,0,9,0
"848","Fred Jones",245,0,9,0
"849","Fred Jones",246,0,9,0
"850","Fred Jones",247,0,9,0
"851","Fred Jones",248,0,9,0
"852","Fred Jones",249,0,9,0
"853","Fred Jones",250,0,9,0
"854","Fred Jones",251,0,9,0
"855","Fred Jones",252,0,9,0
"856","Fred Jones",253,0,9,0
"857","Fred Jones",254,0,9,0
"858","Fred Jones",255,0,9,0
"859","Fred Jones",256,0,9,0
"860","Fred Jones",257,0,9,0
"861","Fred Jones",258,0,9,0
"862","Fred Jones",259,0,9,0
"863","Fred Jones",260,0,9,0
"864","Fred Jones",261,0,9,0
"865","Fred Jones",262,0,9,0
"866","Fred Jones",263,0,9,0
"867","Fred Jones",264,0,9,0
"868","Fred Jones",265,0,9,0
"869","Fred Jones",266,0,9,0
"870","Fred Jones",267,0,9,0
"871","Fred Jones",268,0,9,0
"872","Fred Jones",269,0,9,0
"873","Fred Jones",270,0,9,0
"874","Fred Jones",271,0,9,0
"875","Fred Jones",272,0,9,0
"876","Fred Jones",273,0,9,0
"877","Fred Jones",274,0,9,0
"878","Fred Jones",275,0,9,0
"879","Fred Jones",276,0,9,0
"880","Fred Jones",277,0,9,0
"881","Fred Jones",278,0,9,0
"882","Fred Jones",279,0,9,0
"883","Fred Jones",280,0,9,0
"884","Fred Jones",281,0,9,0
"885","Fred Jones",282,0,9,0
"886","Fred Jones",283,0,9,0
"887","Fred Jones",284,-1,8,-1
"888","Fred Jones",285,0,8,-1
"889","Fred Jones",286,0,8,-1
"890","Fred Jones",287,0,8,-1
"891","Fred Jones",288,0,8,-1
"892","Fred Jones",289,0,8,-1
"893","Fred Jones",290,0,8,-1
"894","Fred Jones",291,0,8,-1
"895","Fred Jones",292,0,8,-1
"896","Fred Jones",293,0,8,-1
"897","Fred Jones",294,0,8,-1
"898","Fred Jones",295,0,8,-1
"899","Fred Jones",296,0,8,-1
"900","Fred Jones",297,0,8,-1
"901","Fred Jones",298,0,8,-1
"902","Fred Jones",299,0,8,-1
"903","Fred Jones",300,0,8,-1
"904","Fred Jones",301,0,8,-1
"905","Fred Jones",302,0,8,-1
"906","Fred Jones",303,0,8,-1
"907","Fred Jones",304,0,8,-1
"908","Fred Jones",305,-1,7,-2
"909","Fred Jones",306,0,7,-2
"910","Fred Jones",307,0,7,-2
"911","Fred Jones",308,0,7,-2
"912","Fred Jones",309,-1,6,-3
"913","Fred Jones",310,1,7,-2
"914","Fred Jones",311,0,7,-2
"915","Fred Jones",312,0,7,-2
"916","Fred Jones",313,0,7,-2
"917","Fred Jones",314,-1,6,-3
"918","Fred Jones",315,1,7,-2
"919","Fred Jones",316,0,7,-2
"920","Fred Jones",317,0,7,-2
"921","Fred Jones",318,0,7,-2
"922","Fred Jones",319,0,7,-2
"923","Fred Jones",320,0,7,-2
"924","Fred Jones",321,0,7,-2
"925","Fred Jones",322,-1,6,-3
"926","Fred Jones",323,0,6,-3
"927","Fred Jones",324,0,6,-3
"928","Fred Jones",325,0,6,-3
"929","Fred Jones",326,0,6,-3
"930","Fred Jones",327,0,6,-3
"931","Fred Jones",328,0,6,-3
"932","Fred Jones",329,0,6,-3
"933","Fred Jones",330,0,6,-3
"934","Fred Jones",331,0,6,-3
"935","Fred Jones",332,0,6,-3
"936","Fred Jones",333,0,6,-3
"937","Fred Jones",334,0,6,-2
"938","Fred Jones",335,0,6,-2
"939","Fred Jones",336,-1,5,-3
"940","Fred Jones",337,0,5,-3
"941","Fred Jones",338,0,5,-3
"942","Fred Jones",339,0,5,-3
"943","Fred Jones",340,-1,4,-4
"944","Fred Jones",341,0,4,-4
"945","Fred Jones",342,-1,3,-5
"946","Fred Jones",343,1,4,-4
"947","Fred Jones",344,0,4,-4
"948","Fred Jones",345,0,4,-4
"949","Fred Jones",346,0,4,-4
"950","Fred Jones",347,1,5,-3
"951","Fred Jones",348,0,5,-3
"952","Fred Jones",349,0,5,-3
"953","Fred Jones",350,0,5,-3
"954","Fred Jones",351,0,5,-3
"955","Fred Jones",352,0,5,-3
"956","Fred Jones",353,1,6,-2
"957","Fred Jones",354,1,7,-1
"958","Fred Jones",355,0,7,0
"959","Fred Jones",356,1,8,1
"960","Fred Jones",357,1,9,2
"961","Fred Jones",358,0,9,2
"962","Fred Jones",359,0,9,3
"963","Fred Jones",360,-1,8,1
"964","Fred Jones",361,0,8,1
"965","Fred Jones",362,0,8,1
"966","Fred Jones",363,0,8,1
"967","Fred Jones",364,0,8,2
"968","Fred Jones",365,0,8,1
"969","Fred Jones",366,0,8,1
"970","Fred Jones",367,0,8,1
"971","Fred Jones",368,0,8,1
"972","Fred Jones",369,0,8,1
"973","Fred Jones",370,1,9,2
"974","Fred Jones",371,0,9,2
"975","Fred Jones",372,0,9,3
"976","Fred Jones",373,-1,8,2
"977","Fred Jones",374,1,9,3
"978","Fred Jones",375,0,9,3
"979","Fred Jones",376,1,10,4
"980","Fred Jones",377,-1,9,3
"981","Fred Jones",378,0,9,3
"982","Fred Jones",379,-1,8,2
"983","Fred Jones",380,-1,7,1
"984","Fred Jones",381,0,7,1
"985","Fred Jones",382,1,8,2
"986","Fred Jones",383,1,9,3
"987","Fred Jones",384,0,9,3
"988","Fred Jones",385,0,9,3
"989","Fred Jones",386,0,9,4
"990","Fred Jones",387,0,9,4
"991","Fred Jones",388,1,10,5
"992","Fred Jones",389,0,10,5
"993","Fred Jones",390,0,10,6
"994","Fred Jones",391,0,10,6
"995","Fred Jones",392,-1,9,6
"996","Fred Jones",393,0,9,5
"997","Fred Jones",394,0,9,5
"998","Fred Jones",395,0,9,5
"999","Fred Jones",396,0,9,5
"1000","Fred Jones",397,0,9,4
"1001","Fred Jones",398,0,9,4
"1002","Fred Jones",399,0,9,4
"1003","Fred Jones",400,0,9,4
"1004","Fred Jones",401,0,9,4
"1005","Fred Jones",402,0,9,4
"1006","Fred Jones",403,0,9,3
"1007","Fred Jones",404,0,9,2
"1008","Fred Jones",405,0,9,2
"1009","Fred Jones",406,0,9,1
"1010","Fred Jones",407,0,9,0
"1011","Fred Jones",408,0,9,0
"1012","Fred Jones",409,0,9,0
"1013","Fred Jones",410,0,9,1
"1014","Fred Jones",411,0,9,1
"1015","Fred Jones",412,0,9,1
"1016","Fred Jones",413,0,9,1
"1017","Fred Jones",414,0,9,1
"1018","Fred Jones",415,0,9,1
"1019","Fred Jones",416,0,9,1
"1020","Fred Jones",417,0,9,1
"1021","Fred Jones",418,0,9,1
"1022","Fred Jones",419,0,9,1
"1023","Fred Jones",420,-1,8,-1
"1024","Fred Jones",421,-1,7,-2
"1025","Fred Jones",422,-1,6,-3
"1026","Fred Jones",423,0,6,-2
"1027","Fred Jones",424,0,6,-3
"1028","Fred Jones",425,1,7,-2
"1029","Fred Jones",426,1,8,-2
"1030","Fred Jones",427,0,8,-1
"1031","Fred Jones",428,1,9,0
"1032","Fred Jones",429,1,10,2
"1033","Fred Jones",430,1,11,4
"1034","Fred Jones",431,1,12,5
"1035","Fred Jones",432,1,13,5
"1036","Fred Jones",433,0,13,4
"1037","Fred Jones",434,1,14,5
"1038","Fred Jones",435,0,14,5
"1039","Fred Jones",436,0,14,5
"1040","Fred Jones",437,0,14,5
"1041","Fred Jones",438,0,14,4
"1042","Fred Jones",439,0,14,4
"1043","Fred Jones",440,0,14,4
"1044","Fred Jones",441,0,14,4
"1045","Fred Jones",442,0,14,5
"1046","Fred Jones",443,1,15,6
"1047","Fred Jones",444,1,16,7
"1048","Fred Jones",445,0,16,7
"1049","Fred Jones",446,0,16,7
"1050","Fred Jones",447,1,17,8
"1051","Fred Jones",448,1,18,9
"1052","Fred Jones",449,1,19,10
"1053","Fred Jones",450,-1,18,9
"1054","Fred Jones",451,1,19,10
"1055","Fred Jones",452,1,20,11
"1056","Fred Jones",453,1,21,12
"1057","Fred Jones",454,0,21,12
"1058","Fred Jones",455,0,21,12
"1059","Fred Jones",456,1,22,13
"1060","Fred Jones",457,0,22,13
"1061","Fred Jones",458,1,23,14
"1062","Fred Jones",459,1,24,15
"1063","Fred Jones",460,1,25,16
"1064","Fred Jones",461,0,25,16
"1065","Fred Jones",462,0,25,16
"1066","Fred Jones",463,0,25,16
"1067","Fred Jones",464,1,26,17
"1068","Fred Jones",465,0,26,17
"1069","Fred Jones",466,0,26,17
"1070","Fred Jones",467,0,26,17
"1071","Fred Jones",468,1,27,18
"1072","Fred Jones",469,1,28,19
"1073","Fred Jones",470,0,28,20
"1074","Fred Jones",471,-1,27,20
"1075","Fred Jones",472,1,28,22
"1076","Fred Jones",473,1,29,23
"1077","Fred Jones",474,1,30,24
"1078","Fred Jones",475,-1,29,22
"1079","Fred Jones",476,0,29,21
"1080","Fred Jones",477,1,30,22
"1081","Fred Jones",478,0,30,21
"1082","Fred Jones",479,1,31,21
"1083","Fred Jones",480,1,32,21
"1084","Fred Jones",481,1,33,21
"1085","Fred Jones",482,0,33,20
"1086","Fred Jones",483,0,33,20
"1087","Fred Jones",484,1,34,20
"1088","Fred Jones",485,1,35,21
"1089","Fred Jones",486,1,36,22
"1090","Fred Jones",487,0,36,22
"1091","Fred Jones",488,0,36,22
"1092","Fred Jones",489,0,36,22
"1093","Fred Jones",490,0,36,22
"1094","Fred Jones",491,1,37,23
"1095","Fred Jones",492,1,38,24
"1096","Fred Jones",493,0,38,23
"1097","Fred Jones",494,1,39,23
"1098","Fred Jones",495,1,40,24
"1099","Fred Jones",496,0,40,24
"1100","Fred Jones",497,1,41,24
"1101","Fred Jones",498,0,41,23
"1102","Fred Jones",499,1,42,23
"1103","Fred Jones",500,0,42,24
"1104","Fred Jones",501,-1,41,22
"1105","Fred Jones",502,1,42,22
"1106","Fred Jones",503,0,42,21
"1107","Fred Jones",504,0,42,21
"1108","Fred Jones",505,0,42,21
"1109","Fred Jones",506,1,43,21
"1110","Fred Jones",507,1,44,22
"1111","Fred Jones",508,1,45,22
"1112","Fred Jones",509,0,45,21
"1113","Fred Jones",510,0,45,20
"1114","Fred Jones",511,0,45,20
"1115","Fred Jones",512,0,45,20
"1116","Fred Jones",513,0,45,20
"1117","Fred Jones",514,0,45,19
"1118","Fred Jones",515,1,46,20
"1119","Fred Jones",516,1,47,21
"1120","Fred Jones",517,0,47,21
"1121","Fred Jones",518,1,48,21
"1122","Fred Jones",519,0,48,20
"1123","Fred Jones",520,0,48,20
"1124","Fred Jones",521,0,48,21
"1125","Fred Jones",522,0,48,20
"1126","Fred Jones",523,0,48,19
"1127","Fred Jones",524,-1,47,17
"1128","Fred Jones",525,1,48,19
"1129","Fred Jones",526,1,49,20
"1130","Fred Jones",527,-1,48,18
"1131","Fred Jones",528,1,49,19
"1132","Fred Jones",529,0,49,18
"1133","Fred Jones",530,1,50,18
"1134","Fred Jones",531,0,50,17
"1135","Fred Jones",532,0,50,17
"1136","Fred Jones",533,0,50,17
"1137","Fred Jones",534,0,50,16
"1138","Fred Jones",535,1,51,16
"1139","Fred Jones",536,0,51,15
"1140","Fred Jones",537,1,52,16
"1141","Fred Jones",538,1,53,17
"1142","Fred Jones",539,-1,52,16
"1143","Fred Jones",540,1,53,17
"1144","Fred Jones",541,1,54,17
"1145","Fred Jones",542,0,54,16
"1146","Fred Jones",543,0,54,16
"1147","Fred Jones",544,-1,53,14
"1148","Fred Jones",545,0,53,13
"1149","Fred Jones",546,0,53,13
"1150","Fred Jones",547,0,53,12
"1151","Fred Jones",548,-1,52,11
"1152","Fred Jones",549,0,52,10
"1153","Fred Jones",550,0,52,10
"1154","Fred Jones",551,0,52,11
"1155","Fred Jones",552,0,52,10
"1156","Fred Jones",553,0,52,10
"1157","Fred Jones",554,0,52,10
"1158","Fred Jones",555,0,52,10
"1159","Fred Jones",556,0,52,9
"1160","Fred Jones",557,0,52,8
"1161","Fred Jones",558,1,53,8
"1162","Fred Jones",559,0,53,8
"1163","Fred Jones",560,0,53,8
"1164","Fred Jones",561,0,53,8
"1165","Fred Jones",562,1,54,9
"1166","Fred Jones",563,0,54,9
"1167","Fred Jones",564,0,54,9
"1168","Fred Jones",565,0,54,8
"1169","Fred Jones",566,0,54,7
"1170","Fred Jones",567,1,55,8
"1171","Fred Jones",568,0,55,7
"1172","Fred Jones",569,0,55,7
"1173","Fred Jones",570,0,55,7
"1174","Fred Jones",571,-1,54,6
"1175","Fred Jones",572,1,55,7
"1176","Fred Jones",573,-1,54,6
"1177","Fred Jones",574,0,54,7
"1178","Fred Jones",575,-1,53,5
"1179","Fred Jones",576,0,53,4
"1180","Fred Jones",577,1,54,6
"1181","Fred Jones",578,1,55,6
"1182","Fred Jones",579,0,55,6
"1183","Fred Jones",580,0,55,5
"1184","Fred Jones",581,1,56,6
"1185","Fred Jones",582,1,57,7
"1186","Fred Jones",583,1,58,8
"1187","Fred Jones",584,1,59,9
"1188","Fred Jones",585,0,59,8
"1189","Fred Jones",586,0,59,8
"1190","Fred Jones",587,0,59,7
"1191","Fred Jones",588,0,59,6
"1192","Fred Jones",589,0,59,7
"1193","Fred Jones",590,1,60,7
"1194","Fred Jones",591,1,61,7
"1195","Fred Jones",592,0,61,7
"1196","Fred Jones",593,0,61,7
"1197","Fred Jones",594,0,61,8
"1198","Fred Jones",595,0,61,8
"1199","Fred Jones",596,0,61,8
"1200","Fred Jones",597,1,62,9
"1201","Fred Jones",598,0,62,10
"1202","Fred Jones",599,0,62,10
"1203","Fred Jones",600,0,62,10
"1204","Fred Jones",601,0,62,10
"1205","Fred Jones",602,-1,61,9
"1206","Fred Jones",603,0,61,9
"1207","Scooby Doo",1,1,1,1
"1208","Scooby Doo",2,0,1,1
"1209","Scooby Doo",3,1,2,2
"1210","Scooby Doo",4,0,2,2
"1211","Scooby Doo",5,0,2,2
"1212","Scooby Doo",6,0,2,2
"1213","Scooby Doo",7,0,2,2
"1214","Scooby Doo",8,0,2,2
"1215","Scooby Doo",9,0,2,2
"1216","Scooby Doo",10,0,2,2
"1217","Scooby Doo",11,1,3,3
"1218","Scooby Doo",12,0,3,3
"1219","Scooby Doo",13,0,3,3
"1220","Scooby Doo",14,0,3,3
"1221","Scooby Doo",15,0,3,3
"1222","Scooby Doo",16,0,3,3
"1223","Scooby Doo",17,0,3,3
"1224","Scooby Doo",18,0,3,3
"1225","Scooby Doo",19,-1,2,2
"1226","Scooby Doo",20,0,2,2
"1227","Scooby Doo",21,1,3,3
"1228","Scooby Doo",22,1,4,4
"1229","Scooby Doo",23,1,5,5
"1230","Scooby Doo",24,1,6,6
"1231","Scooby Doo",25,-1,5,5
"1232","Scooby Doo",26,1,6,6
"1233","Scooby Doo",27,0,6,6
"1234","Scooby Doo",28,0,6,6
"1235","Scooby Doo",29,0,6,6
"1236","Scooby Doo",30,1,7,7
"1237","Scooby Doo",31,0,7,7
"1238","Scooby Doo",32,-1,6,6
"1239","Scooby Doo",33,0,6,6
"1240","Scooby Doo",34,0,6,6
"1241","Scooby Doo",35,1,7,7
"1242","Scooby Doo",36,0,7,7
"1243","Scooby Doo",37,0,7,7
"1244","Scooby Doo",38,0,7,7
"1245","Scooby Doo",39,0,7,7
"1246","Scooby Doo",40,0,7,7
"1247","Scooby Doo",41,0,7,7
"1248","Scooby Doo",42,0,7,7
"1249","Scooby Doo",43,0,7,7
"1250","Scooby Doo",44,0,7,7
"1251","Scooby Doo",45,0,7,7
"1252","Scooby Doo",46,0,7,7
"1253","Scooby Doo",47,-1,6,6
"1254","Scooby Doo",48,0,6,6
"1255","Scooby Doo",49,1,7,7
"1256","Scooby Doo",50,1,8,8
"1257","Scooby Doo",51,0,8,7
"1258","Scooby Doo",52,-1,7,6
"1259","Scooby Doo",53,-1,6,4
"1260","Scooby Doo",54,0,6,4
"1261","Scooby Doo",55,1,7,5
"1262","Scooby Doo",56,0,7,5
"1263","Scooby Doo",57,0,7,5
"1264","Scooby Doo",58,0,7,5
"1265","Scooby Doo",59,1,8,6
"1266","Scooby Doo",60,0,8,6
"1267","Scooby Doo",61,1,9,6
"1268","Scooby Doo",62,-1,8,5
"1269","Scooby Doo",63,0,8,5
"1270","Scooby Doo",64,0,8,5
"1271","Scooby Doo",65,0,8,5
"1272","Scooby Doo",66,0,8,5
"1273","Scooby Doo",67,0,8,5
"1274","Scooby Doo",68,1,9,6
"1275","Scooby Doo",69,0,9,7
"1276","Scooby Doo",70,0,9,7
"1277","Scooby Doo",71,0,9,6
"1278","Scooby Doo",72,0,9,5
"1279","Scooby Doo",73,0,9,4
"1280","Scooby Doo",74,0,9,3
"1281","Scooby Doo",75,1,10,5
"1282","Scooby Doo",76,0,10,4
"1283","Scooby Doo",77,0,10,4
"1284","Scooby Doo",78,-1,9,3
"1285","Scooby Doo",79,0,9,3
"1286","Scooby Doo",80,0,9,2
"1287","Scooby Doo",81,0,9,2
"1288","Scooby Doo",82,0,9,3
"1289","Scooby Doo",83,0,9,3
"1290","Scooby Doo",84,-1,8,2
"1291","Scooby Doo",85,0,8,1
"1292","Scooby Doo",86,0,8,1
"1293","Scooby Doo",87,-1,7,0
"1294","Scooby Doo",88,0,7,0
"1295","Scooby Doo",89,0,7,0
"1296","Scooby Doo",90,0,7,0
"1297","Scooby Doo",91,0,7,0
"1298","Scooby Doo",92,0,7,0
"1299","Scooby Doo",93,0,7,0
"1300","Scooby Doo",94,0,7,0
"1301","Scooby Doo",95,0,7,0
"1302","Scooby Doo",96,0,7,0
"1303","Scooby Doo",97,0,7,1
"1304","Scooby Doo",98,0,7,1
"1305","Scooby Doo",99,0,7,0
"1306","Scooby Doo",100,0,7,-1
"1307","Scooby Doo",101,0,7,-1
"1308","Scooby Doo",102,0,7,0
"1309","Scooby Doo",103,0,7,1
"1310","Scooby Doo",104,0,7,1
"1311","Scooby Doo",105,0,7,0
"1312","Scooby Doo",106,0,7,0
"1313","Scooby Doo",107,0,7,0
"1314","Scooby Doo",108,0,7,0
"1315","Scooby Doo",109,1,8,0
"1316","Scooby Doo",110,0,8,0
"1317","Scooby Doo",111,0,8,-1
"1318","Scooby Doo",112,0,8,0
"1319","Scooby Doo",113,0,8,0
"1320","Scooby Doo",114,0,8,0
"1321","Scooby Doo",115,1,9,1
"1322","Scooby Doo",116,0,9,1
"1323","Scooby Doo",117,0,9,1
"1324","Scooby Doo",118,0,9,0
"1325","Scooby Doo",119,0,9,0
"1326","Scooby Doo",120,0,9,0
"1327","Scooby Doo",121,0,9,0
"1328","Scooby Doo",122,0,9,0
"1329","Scooby Doo",123,0,9,0
"1330","Scooby Doo",124,0,9,0
"1331","Scooby Doo",125,0,9,-1
"1332","Scooby Doo",126,0,9,-1
"1333","Scooby Doo",127,0,9,-1
"1334","Scooby Doo",128,0,9,0
"1335","Scooby Doo",129,0,9,0
"1336","Scooby Doo",130,0,9,0
"1337","Scooby Doo",131,0,9,0
"1338","Scooby Doo",132,0,9,0
"1339","Scooby Doo",133,1,10,1
"1340","Scooby Doo",134,1,11,3
"1341","Scooby Doo",135,1,12,4
"1342","Scooby Doo",136,0,12,4
"1343","Scooby Doo",137,1,13,6
"1344","Scooby Doo",138,1,14,7
"1345","Scooby Doo",139,1,15,8
"1346","Scooby Doo",140,1,16,9
"1347","Scooby Doo",141,1,17,10
"1348","Scooby Doo",142,1,18,11
"1349","Scooby Doo",143,0,18,11
"1350","Scooby Doo",144,1,19,12
"1351","Scooby Doo",145,1,20,13
"1352","Scooby Doo",146,0,20,13
"1353","Scooby Doo",147,0,20,13
"1354","Scooby Doo",148,1,21,14
"1355","Scooby Doo",149,0,21,14
"1356","Scooby Doo",150,0,21,14
"1357","Scooby Doo",151,0,21,14
"1358","Scooby Doo",152,0,21,14
"1359","Scooby Doo",153,0,21,14
"1360","Scooby Doo",154,0,21,14
"1361","Scooby Doo",155,1,22,15
"1362","Scooby Doo",156,1,23,16
"1363","Scooby Doo",157,0,23,16
"1364","Scooby Doo",158,0,23,16
"1365","Scooby Doo",159,0,23,15
"1366","Scooby Doo",160,0,23,15
"1367","Scooby Doo",161,0,23,15
"1368","Scooby Doo",162,0,23,15
"1369","Scooby Doo",163,0,23,15
"1370","Scooby Doo",164,0,23,15
"1371","Scooby Doo",165,0,23,14
"1372","Scooby Doo",166,0,23,14
"1373","Scooby Doo",167,0,23,14
"1374","Scooby Doo",168,0,23,14
"1375","Scooby Doo",169,0,23,14
"1376","Scooby Doo",170,0,23,14
"1377","Scooby Doo",171,0,23,14
"1378","Scooby Doo",172,0,23,14
"1379","Scooby Doo",173,0,23,14
"1380","Scooby Doo",174,0,23,14
"1381","Scooby Doo",175,0,23,14
"1382","Scooby Doo",176,0,23,14
"1383","Scooby Doo",177,0,23,14
"1384","Scooby Doo",178,0,23,14
"1385","Scooby Doo",179,0,23,14
"1386","Scooby Doo",180,0,23,14
"1387","Scooby Doo",181,0,23,14
"1388","Scooby Doo",182,0,23,14
"1389","Scooby Doo",183,0,23,13
"1390","Scooby Doo",184,0,23,12
"1391","Scooby Doo",185,0,23,11
"1392","Scooby Doo",186,0,23,11
"1393","Scooby Doo",187,0,23,10
"1394","Scooby Doo",188,0,23,9
"1395","Scooby Doo",189,0,23,8
"1396","Scooby Doo",190,0,23,7
"1397","Scooby Doo",191,0,23,6
"1398","Scooby Doo",192,0,23,5
"1399","Scooby Doo",193,0,23,5
"1400","Scooby Doo",194,0,23,4
"1401","Scooby Doo",195,0,23,3
"1402","Scooby Doo",196,0,23,3
"1403","Scooby Doo",197,0,23,3
"1404","Scooby Doo",198,0,23,2
"1405","Scooby Doo",199,0,23,2
"1406","Scooby Doo",200,0,23,2
"1407","Scooby Doo",201,0,23,2
"1408","Scooby Doo",202,0,23,2
"1409","Scooby Doo",203,0,23,2
"1410","Scooby Doo",204,0,23,2
"1411","Scooby Doo",205,0,23,1
"1412","Scooby Doo",206,0,23,0
"1413","Scooby Doo",207,0,23,0
"1414","Scooby Doo",208,0,23,0
"1415","Scooby Doo",209,0,23,0
"1416","Scooby Doo",210,0,23,0
"1417","Scooby Doo",211,0,23,0
"1418","Scooby Doo",212,0,23,0
"1419","Scooby Doo",213,0,23,0
"1420","Scooby Doo",214,0,23,0
"1421","Scooby Doo",215,0,23,0
"1422","Scooby Doo",216,0,23,0
"1423","Scooby Doo",217,0,23,0
"1424","Scooby Doo",218,0,23,0
"1425","Scooby Doo",219,0,23,0
"1426","Scooby Doo",220,0,23,0
"1427","Scooby Doo",221,0,23,0
"1428","Scooby Doo",222,0,23,0
"1429","Scooby Doo",223,0,23,0
"1430","Scooby Doo",224,0,23,0
"1431","Scooby Doo",225,0,23,0
"1432","Scooby Doo",226,0,23,0
"1433","Scooby Doo",227,0,23,0
"1434","Scooby Doo",228,1,24,1
"1435","Scooby Doo",229,0,24,1
"1436","Scooby Doo",230,1,25,2
"1437","Scooby Doo",231,0,25,2
"1438","Scooby Doo",232,0,25,2
"1439","Scooby Doo",233,1,26,3
"1440","Scooby Doo",234,1,27,4
"1441","Scooby Doo",235,0,27,4
"1442","Scooby Doo",236,-1,26,3
"1443","Scooby Doo",237,1,27,4
"1444","Scooby Doo",238,0,27,4
"1445","Scooby Doo",239,0,27,4
"1446","Scooby Doo",240,0,27,4
"1447","Scooby Doo",241,0,27,4
"1448","Scooby Doo",242,0,27,4
"1449","Scooby Doo",243,1,28,5
"1450","Scooby Doo",244,0,28,5
"1451","Scooby Doo",245,1,29,6
"1452","Scooby Doo",246,0,29,6
"1453","Scooby Doo",247,0,29,6
"1454","Scooby Doo",248,0,29,6
"1455","Scooby Doo",249,1,30,7
"1456","Scooby Doo",250,0,30,7
"1457","Scooby Doo",251,1,31,8
"1458","Scooby Doo",252,-1,30,7
"1459","Scooby Doo",253,0,30,7
"1460","Scooby Doo",254,0,30,7
"1461","Scooby Doo",255,1,31,8
"1462","Scooby Doo",256,0,31,8
"1463","Scooby Doo",257,1,32,9
"1464","Scooby Doo",258,0,32,9
"1465","Scooby Doo",259,0,32,9
"1466","Scooby Doo",260,1,33,10
"1467","Scooby Doo",261,1,34,11
"1468","Scooby Doo",262,1,35,12
"1469","Scooby Doo",263,1,36,13
"1470","Scooby Doo",264,0,36,13
"1471","Scooby Doo",265,1,37,14
"1472","Scooby Doo",266,0,37,14
"1473","Scooby Doo",267,1,38,15
"1474","Scooby Doo",268,1,39,16
"1475","Scooby Doo",269,0,39,16
"1476","Scooby Doo",270,0,39,16
"1477","Scooby Doo",271,0,39,16
"1478","Scooby Doo",272,1,40,17
"1479","Scooby Doo",273,1,41,18
"1480","Scooby Doo",274,0,41,18
"1481","Scooby Doo",275,1,42,19
"1482","Scooby Doo",276,1,43,20
"1483","Scooby Doo",277,-1,42,19
"1484","Scooby Doo",278,1,43,19
"1485","Scooby Doo",279,0,43,19
"1486","Scooby Doo",280,0,43,18
"1487","Scooby Doo",281,0,43,18
"1488","Scooby Doo",282,0,43,18
"1489","Scooby Doo",283,0,43,17
"1490","Scooby Doo",284,0,43,16
"1491","Scooby Doo",285,1,44,17
"1492","Scooby Doo",286,0,44,18
"1493","Scooby Doo",287,1,45,18
"1494","Scooby Doo",288,0,45,18
"1495","Scooby Doo",289,-1,44,17
"1496","Scooby Doo",290,0,44,17
"1497","Scooby Doo",291,-1,43,16
"1498","Scooby Doo",292,0,43,16
"1499","Scooby Doo",293,1,44,16
"1500","Scooby Doo",294,0,44,16
"1501","Scooby Doo",295,0,44,15
"1502","Scooby Doo",296,1,45,16
"1503","Scooby Doo",297,1,46,17
"1504","Scooby Doo",298,0,46,17
"1505","Scooby Doo",299,0,46,16
"1506","Scooby Doo",300,0,46,16
"1507","Scooby Doo",301,-1,45,14
"1508","Scooby Doo",302,1,46,16
"1509","Scooby Doo",303,0,46,16
"1510","Scooby Doo",304,1,47,17
"1511","Scooby Doo",305,0,47,16
"1512","Scooby Doo",306,0,47,16
"1513","Scooby Doo",307,1,48,16
"1514","Scooby Doo",308,1,49,17
"1515","Scooby Doo",309,0,49,17
"1516","Scooby Doo",310,0,49,16
"1517","Scooby Doo",311,1,50,16
"1518","Scooby Doo",312,1,51,16
"1519","Scooby Doo",313,0,51,15
"1520","Scooby Doo",314,0,51,15
"1521","Scooby Doo",315,0,51,14
"1522","Scooby Doo",316,1,52,15
"1523","Scooby Doo",317,1,53,15
"1524","Scooby Doo",318,1,54,15
"1525","Scooby Doo",319,1,55,16
"1526","Scooby Doo",320,1,56,17
"1527","Scooby Doo",321,1,57,18
"1528","Scooby Doo",322,1,58,18
"1529","Scooby Doo",323,0,58,17
"1530","Scooby Doo",324,1,59,18
"1531","Scooby Doo",325,1,60,18
"1532","Scooby Doo",326,1,61,18
"1533","Scooby Doo",327,1,62,20
"1534","Scooby Doo",328,1,63,20
"1535","Scooby Doo",329,1,64,21
"1536","Scooby Doo",330,0,64,21
"1537","Scooby Doo",331,1,65,22
"1538","Scooby Doo",332,0,65,22
"1539","Scooby Doo",333,1,66,23
"1540","Scooby Doo",334,0,66,23
"1541","Scooby Doo",335,0,66,22
"1542","Scooby Doo",336,0,66,22
"1543","Scooby Doo",337,0,66,21
"1544","Scooby Doo",338,0,66,21
"1545","Scooby Doo",339,0,66,22
"1546","Scooby Doo",340,0,66,22
"1547","Scooby Doo",341,0,66,23
"1548","Scooby Doo",342,0,66,23
"1549","Scooby Doo",343,-1,65,21
"1550","Scooby Doo",344,0,65,21
"1551","Scooby Doo",345,0,65,21
"1552","Scooby Doo",346,1,66,21
"1553","Scooby Doo",347,1,67,21
"1554","Scooby Doo",348,0,67,21
"1555","Scooby Doo",349,0,67,21
"1556","Scooby Doo",350,0,67,21
"1557","Scooby Doo",351,0,67,22
"1558","Scooby Doo",352,0,67,21
"1559","Scooby Doo",353,0,67,21
"1560","Scooby Doo",354,1,68,21
"1561","Scooby Doo",355,0,68,21
"1562","Scooby Doo",356,0,68,21
"1563","Scooby Doo",357,1,69,21
"1564","Scooby Doo",358,-1,68,19
"1565","Scooby Doo",359,1,69,20
"1566","Scooby Doo",360,0,69,20
"1567","Scooby Doo",361,-1,68,18
"1568","Scooby Doo",362,1,69,18
"1569","Scooby Doo",363,0,69,18
"1570","Scooby Doo",364,0,69,18
"1571","Scooby Doo",365,0,69,18
"1572","Scooby Doo",366,0,69,17
"1573","Scooby Doo",367,1,70,17
"1574","Scooby Doo",368,0,70,16
"1575","Scooby Doo",369,0,70,15
"1576","Scooby Doo",370,0,70,14
"1577","Scooby Doo",371,0,70,13
"1578","Scooby Doo",372,1,71,13
"1579","Scooby Doo",373,0,71,13
"1580","Scooby Doo",374,1,72,13
"1581","Scooby Doo",375,0,72,12
"1582","Scooby Doo",376,0,72,11
"1583","Scooby Doo",377,-1,71,9
"1584","Scooby Doo",378,1,72,9
"1585","Scooby Doo",379,-1,71,7
"1586","Scooby Doo",380,0,71,7
"1587","Scooby Doo",381,0,71,6
"1588","Scooby Doo",382,0,71,6
"1589","Scooby Doo",383,0,71,5
"1590","Scooby Doo",384,0,71,5
"1591","Scooby Doo",385,1,72,6
"1592","Scooby Doo",386,0,72,6
"1593","Scooby Doo",387,0,72,6
"1594","Scooby Doo",388,0,72,6
"1595","Scooby Doo",389,-1,71,5
"1596","Scooby Doo",390,0,71,5
"1597","Scooby Doo",391,0,71,5
"1598","Scooby Doo",392,0,71,5
"1599","Scooby Doo",393,-1,70,5
"1600","Scooby Doo",394,0,70,5
"1601","Scooby Doo",395,-1,69,4
"1602","Scooby Doo",396,0,69,3
"1603","Scooby Doo",397,0,69,2
"1604","Scooby Doo",398,0,69,2
"1605","Scooby Doo",399,-1,68,1
"1606","Scooby Doo",400,1,69,2
"1607","Scooby Doo",401,0,69,2
"1608","Scooby Doo",402,0,69,2
"1609","Scooby Doo",403,0,69,2
"1610","Scooby Doo",404,0,69,1
"1611","Scooby Doo",405,0,69,1
"1612","Scooby Doo",406,0,69,1
"1613","Scooby Doo",407,0,69,0
"1614","Scooby Doo",408,0,69,1
"1615","Scooby Doo",409,0,69,0
"1616","Scooby Doo",410,-1,68,-1
"1617","Scooby Doo",411,0,68,0
"1618","Scooby Doo",412,0,68,-1
"1619","Scooby Doo",413,0,68,-1
"1620","Scooby Doo",414,0,68,-1
"1621","Scooby Doo",415,0,68,-1
"1622","Scooby Doo",416,0,68,-1
"1623","Scooby Doo",417,0,68,-2
"1624","Scooby Doo",418,0,68,-2
"1625","Scooby Doo",419,0,68,-2
"1626","Scooby Doo",420,0,68,-2
"1627","Scooby Doo",421,0,68,-2
"1628","Scooby Doo",422,0,68,-3
"1629","Scooby Doo",423,1,69,-2
"1630","Scooby Doo",424,-1,68,-4
"1631","Scooby Doo",425,0,68,-4
"1632","Scooby Doo",426,0,68,-4
"1633","Scooby Doo",427,0,68,-3
"1634","Scooby Doo",428,0,68,-4
"1635","Scooby Doo",429,0,68,-3
"1636","Scooby Doo",430,0,68,-3
"1637","Scooby Doo",431,0,68,-3
"1638","Scooby Doo",432,0,68,-3
"1639","Scooby Doo",433,0,68,-3
"1640","Scooby Doo",434,0,68,-3
"1641","Scooby Doo",435,1,69,-3
"1642","Scooby Doo",436,0,69,-3
"1643","Scooby Doo",437,0,69,-3
"1644","Scooby Doo",438,1,70,-2
"1645","Scooby Doo",439,-1,69,-2
"1646","Scooby Doo",440,-1,68,-3
"1647","Scooby Doo",441,0,68,-3
"1648","Scooby Doo",442,-1,67,-4
"1649","Scooby Doo",443,0,67,-3
"1650","Scooby Doo",444,0,67,-3
"1651","Scooby Doo",445,-1,66,-3
"1652","Scooby Doo",446,1,67,-2
"1653","Scooby Doo",447,0,67,-2
"1654","Scooby Doo",448,0,67,-2
"1655","Scooby Doo",449,0,67,-1
"1656","Scooby Doo",450,0,67,-2
"1657","Scooby Doo",451,0,67,-2
"1658","Scooby Doo",452,0,67,-2
"1659","Scooby Doo",453,0,67,-2
"1660","Scooby Doo",454,0,67,-2
"1661","Scooby Doo",455,0,67,-2
"1662","Scooby Doo",456,0,67,-2
"1663","Scooby Doo",457,0,67,-2
"1664","Scooby Doo",458,0,67,-2
"1665","Scooby Doo",459,1,68,-1
"1666","Scooby Doo",460,0,68,0
"1667","Scooby Doo",461,0,68,0
"1668","Scooby Doo",462,1,69,1
"1669","Scooby Doo",463,0,69,1
"1670","Scooby Doo",464,0,69,1
"1671","Scooby Doo",465,0,69,1
"1672","Scooby Doo",466,0,69,1
"1673","Scooby Doo",467,0,69,1
"1674","Scooby Doo",468,-1,68,0
"1675","Scooby Doo",469,0,68,0
"1676","Scooby Doo",470,0,68,0
"1677","Scooby Doo",471,1,69,1
"1678","Scooby Doo",472,1,70,2
"1679","Scooby Doo",473,0,70,1
"1680","Scooby Doo",474,0,70,2
"1681","Scooby Doo",475,1,71,3
"1682","Scooby Doo",476,1,72,4
"1683","Scooby Doo",477,0,72,4
"1684","Scooby Doo",478,0,72,4
"1685","Scooby Doo",479,0,72,4
"1686","Scooby Doo",480,0,72,4
"1687","Scooby Doo",481,0,72,4
"1688","Scooby Doo",482,0,72,4
"1689","Scooby Doo",483,0,72,4
"1690","Scooby Doo",484,0,72,4
"1691","Scooby Doo",485,0,72,3
"1692","Scooby Doo",486,0,72,3
"1693","Scooby Doo",487,0,72,3
"1694","Scooby Doo",488,1,73,3
"1695","Scooby Doo",489,1,74,5
"1696","Scooby Doo",490,-1,73,5
"1697","Scooby Doo",491,0,73,5
"1698","Scooby Doo",492,0,73,6
"1699","Scooby Doo",493,0,73,6
"1700","Scooby Doo",494,0,73,6
"1701","Scooby Doo",495,0,73,7
"1702","Scooby Doo",496,0,73,6
"1703","Scooby Doo",497,0,73,6
"1704","Scooby Doo",498,0,73,6
"1705","Scooby Doo",499,0,73,6
"1706","Scooby Doo",500,1,74,7
"1707","Scooby Doo",501,0,74,7
"1708","Scooby Doo",502,0,74,7
"1709","Scooby Doo",503,0,74,7
"1710","Scooby Doo",504,0,74,7
"1711","Scooby Doo",505,0,74,7
"1712","Scooby Doo",506,1,75,8
"1713","Scooby Doo",507,0,75,8
"1714","Scooby Doo",508,0,75,8
"1715","Scooby Doo",509,0,75,7
"1716","Scooby Doo",510,0,75,7
"1717","Scooby Doo",511,0,75,7
"1718","Scooby Doo",512,0,75,6
"1719","Scooby Doo",513,0,75,6
"1720","Scooby Doo",514,1,76,7
"1721","Scooby Doo",515,0,76,7
"1722","Scooby Doo",516,0,76,7
"1723","Scooby Doo",517,0,76,7
"1724","Scooby Doo",518,1,77,9
"1725","Scooby Doo",519,0,77,9
"1726","Scooby Doo",520,-1,76,8
"1727","Scooby Doo",521,0,76,7
"1728","Scooby Doo",522,-1,75,5
"1729","Scooby Doo",523,1,76,6
"1730","Scooby Doo",524,-1,75,5
"1731","Scooby Doo",525,0,75,4
"1732","Scooby Doo",526,0,75,3
"1733","Scooby Doo",527,-1,74,2
"1734","Scooby Doo",528,0,74,2
"1735","Scooby Doo",529,1,75,3
"1736","Scooby Doo",530,0,75,3
"1737","Scooby Doo",531,1,76,4
"1738","Scooby Doo",532,-1,75,3
"1739","Scooby Doo",533,0,75,3
"1740","Scooby Doo",534,0,75,3
"1741","Scooby Doo",535,0,75,3
"1742","Scooby Doo",536,0,75,3
"1743","Scooby Doo",537,0,75,3
"1744","Scooby Doo",538,0,75,2
"1745","Scooby Doo",539,0,75,1
"1746","Scooby Doo",540,0,75,2
"1747","Scooby Doo",541,0,75,2
"1748","Scooby Doo",542,0,75,2
"1749","Scooby Doo",543,0,75,2
"1750","Scooby Doo",544,-1,74,1
"1751","Scooby Doo",545,0,74,1
"1752","Scooby Doo",546,0,74,1
"1753","Scooby Doo",547,1,75,2
"1754","Scooby Doo",548,-1,74,1
"1755","Scooby Doo",549,0,74,1
"1756","Scooby Doo",550,0,74,0
"1757","Scooby Doo",551,0,74,0
"1758","Scooby Doo",552,0,74,0
"1759","Scooby Doo",553,1,75,1
"1760","Scooby Doo",554,0,75,1
"1761","Scooby Doo",555,0,75,1
"1762","Scooby Doo",556,0,75,0
"1763","Scooby Doo",557,0,75,0
"1764","Scooby Doo",558,0,75,0
"1765","Scooby Doo",559,0,75,0
"1766","Scooby Doo",560,0,75,0
"1767","Scooby Doo",561,-1,74,-1
"1768","Scooby Doo",562,1,75,0
"1769","Scooby Doo",563,0,75,0
"1770","Scooby Doo",564,0,75,-1
"1771","Scooby Doo",565,0,75,-1
"1772","Scooby Doo",566,0,75,-1
"1773","Scooby Doo",567,0,75,-1
"1774","Scooby Doo",568,1,76,-1
"1775","Scooby Doo",569,0,76,-1
"1776","Scooby Doo",570,0,76,0
"1777","Scooby Doo",571,0,76,0
"1778","Scooby Doo",572,0,76,1
"1779","Scooby Doo",573,0,76,0
"1780","Scooby Doo",574,0,76,1
"1781","Scooby Doo",575,-1,75,0
"1782","Scooby Doo",576,0,75,0
"1783","Scooby Doo",577,0,75,1
"1784","Scooby Doo",578,0,75,1
"1785","Scooby Doo",579,0,75,0
"1786","Scooby Doo",580,0,75,0
"1787","Scooby Doo",581,0,75,-1
"1788","Scooby Doo",582,0,75,0
"1789","Scooby Doo",583,0,75,0
"1790","Scooby Doo",584,0,75,0
"1791","Scooby Doo",585,0,75,0
"1792","Scooby Doo",586,0,75,0
"1793","Scooby Doo",587,0,75,0
"1794","Scooby Doo",588,0,75,0
"1795","Scooby Doo",589,0,75,0
"1796","Scooby Doo",590,0,75,0
"1797","Scooby Doo",591,0,75,0
"1798","Scooby Doo",592,1,76,1
"1799","Scooby Doo",593,0,76,1
"1800","Scooby Doo",594,0,76,2
"1801","Scooby Doo",595,0,76,2
"1802","Scooby Doo",596,0,76,2
"1803","Scooby Doo",597,0,76,1
"1804","Scooby Doo",598,0,76,2
"1805","Scooby Doo",599,0,76,2
"1806","Scooby Doo",600,0,76,2
"1807","Scooby Doo",601,0,76,2
"1808","Scooby Doo",602,1,77,3
"1809","Scooby Doo",603,0,77,2
"1810","Shaggy Rogers",1,1,1,1
"1811","Shaggy Rogers",2,1,2,2
"1812","Shaggy Rogers",3,0,2,2
"1813","Shaggy Rogers",4,0,2,2
"1814","Shaggy Rogers",5,0,2,2
"1815","Shaggy Rogers",6,0,2,2
"1816","Shaggy Rogers",7,0,2,2
"1817","Shaggy Rogers",8,0,2,2
"1818","Shaggy Rogers",9,1,3,3
"1819","Shaggy Rogers",10,0,3,3
"1820","Shaggy Rogers",11,0,3,3
"1821","Shaggy Rogers",12,0,3,3
"1822","Shaggy Rogers",13,0,3,3
"1823","Shaggy Rogers",14,0,3,3
"1824","Shaggy Rogers",15,0,3,3
"1825","Shaggy Rogers",16,0,3,3
"1826","Shaggy Rogers",17,0,3,3
"1827","Shaggy Rogers",18,-1,2,2
"1828","Shaggy Rogers",19,-1,1,1
"1829","Shaggy Rogers",20,0,1,1
"1830","Shaggy Rogers",21,0,1,1
"1831","Shaggy Rogers",22,0,1,1
"1832","Shaggy Rogers",23,1,2,2
"1833","Shaggy Rogers",24,1,3,3
"1834","Shaggy Rogers",25,-1,2,2
"1835","Shaggy Rogers",26,1,3,3
"1836","Shaggy Rogers",27,0,3,3
"1837","Shaggy Rogers",28,0,3,3
"1838","Shaggy Rogers",29,0,3,3
"1839","Shaggy Rogers",30,1,4,4
"1840","Shaggy Rogers",31,0,4,4
"1841","Shaggy Rogers",32,0,4,4
"1842","Shaggy Rogers",33,0,4,4
"1843","Shaggy Rogers",34,-1,3,3
"1844","Shaggy Rogers",35,0,3,3
"1845","Shaggy Rogers",36,0,3,3
"1846","Shaggy Rogers",37,-1,2,2
"1847","Shaggy Rogers",38,0,2,2
"1848","Shaggy Rogers",39,0,2,2
"1849","Shaggy Rogers",40,1,3,3
"1850","Shaggy Rogers",41,0,3,3
"1851","Shaggy Rogers",42,0,3,3
"1852","Shaggy Rogers",43,0,3,3
"1853","Shaggy Rogers",44,0,3,3
"1854","Shaggy Rogers",45,-1,2,2
"1855","Shaggy Rogers",46,0,2,2
"1856","Shaggy Rogers",47,-1,1,1
"1857","Shaggy Rogers",48,0,1,1
"1858","Shaggy Rogers",49,1,2,2
"1859","Shaggy Rogers",50,0,2,2
"1860","Shaggy Rogers",51,0,2,1
"1861","Shaggy Rogers",52,0,2,0
"1862","Shaggy Rogers",53,-1,1,-1
"1863","Shaggy Rogers",54,0,1,-1
"1864","Shaggy Rogers",55,1,2,0
"1865","Shaggy Rogers",56,0,2,0
"1866","Shaggy Rogers",57,0,2,0
"1867","Shaggy Rogers",58,0,2,0
"1868","Shaggy Rogers",59,1,3,0
"1869","Shaggy Rogers",60,0,3,0
"1870","Shaggy Rogers",61,0,3,0
"1871","Shaggy Rogers",62,-1,2,-1
"1872","Shaggy Rogers",63,0,2,-1
"1873","Shaggy Rogers",64,0,2,-1
"1874","Shaggy Rogers",65,0,2,-1
"1875","Shaggy Rogers",66,-1,1,-2
"1876","Shaggy Rogers",67,0,1,-2
"1877","Shaggy Rogers",68,0,1,-1
"1878","Shaggy Rogers",69,0,1,0
"1879","Shaggy Rogers",70,0,1,0
"1880","Shaggy Rogers",71,0,1,0
"1881","Shaggy Rogers",72,1,2,1
"1882","Shaggy Rogers",73,0,2,0
"1883","Shaggy Rogers",74,0,2,-1
"1884","Shaggy Rogers",75,1,3,1
"1885","Shaggy Rogers",76,0,3,0
"1886","Shaggy Rogers",77,0,3,0
"1887","Shaggy Rogers",78,0,3,0
"1888","Shaggy Rogers",79,0,3,0
"1889","Shaggy Rogers",80,0,3,-1
"1890","Shaggy Rogers",81,0,3,-1
"1891","Shaggy Rogers",82,0,3,-1
"1892","Shaggy Rogers",83,0,3,-1
"1893","Shaggy Rogers",84,-1,2,-1
"1894","Shaggy Rogers",85,0,2,-1
"1895","Shaggy Rogers",86,0,2,-1
"1896","Shaggy Rogers",87,-1,1,-1
"1897","Shaggy Rogers",88,0,1,-1
"1898","Shaggy Rogers",89,0,1,-1
"1899","Shaggy Rogers",90,0,1,-2
"1900","Shaggy Rogers",91,0,1,-2
"1901","Shaggy Rogers",92,0,1,-2
"1902","Shaggy Rogers",93,0,1,-2
"1903","Shaggy Rogers",94,0,1,-2
"1904","Shaggy Rogers",95,0,1,-1
"1905","Shaggy Rogers",96,0,1,-1
"1906","Shaggy Rogers",97,0,1,0
"1907","Shaggy Rogers",98,0,1,0
"1908","Shaggy Rogers",99,0,1,-1
"1909","Shaggy Rogers",100,0,1,-1
"1910","Shaggy Rogers",101,0,1,-1
"1911","Shaggy Rogers",102,0,1,-1
"1912","Shaggy Rogers",103,0,1,0
"1913","Shaggy Rogers",104,0,1,0
"1914","Shaggy Rogers",105,0,1,-1
"1915","Shaggy Rogers",106,0,1,-1
"1916","Shaggy Rogers",107,0,1,-1
"1917","Shaggy Rogers",108,0,1,-1
"1918","Shaggy Rogers",109,0,1,-2
"1919","Shaggy Rogers",110,0,1,-2
"1920","Shaggy Rogers",111,0,1,-2
"1921","Shaggy Rogers",112,0,1,-1
"1922","Shaggy Rogers",113,0,1,-1
"1923","Shaggy Rogers",114,0,1,-1
"1924","Shaggy Rogers",115,0,1,-1
"1925","Shaggy Rogers",116,0,1,0
"1926","Shaggy Rogers",117,0,1,0
"1927","Shaggy Rogers",118,0,1,0
"1928","Shaggy Rogers",119,0,1,0
"1929","Shaggy Rogers",120,0,1,0
"1930","Shaggy Rogers",121,0,1,0
"1931","Shaggy Rogers",122,0,1,-1
"1932","Shaggy Rogers",123,0,1,-1
"1933","Shaggy Rogers",124,-1,0,-2
"1934","Shaggy Rogers",125,0,0,-3
"1935","Shaggy Rogers",126,0,0,-3
"1936","Shaggy Rogers",127,0,0,-3
"1937","Shaggy Rogers",128,0,0,-3
"1938","Shaggy Rogers",129,0,0,-3
"1939","Shaggy Rogers",130,0,0,-3
"1940","Shaggy Rogers",131,0,0,-3
"1941","Shaggy Rogers",132,0,0,-3
"1942","Shaggy Rogers",133,-1,-1,-4
"1943","Shaggy Rogers",134,0,-1,-3
"1944","Shaggy Rogers",135,0,-1,-3
"1945","Shaggy Rogers",136,0,-1,-3
"1946","Shaggy Rogers",137,0,-1,-2
"1947","Shaggy Rogers",138,0,-1,-2
"1948","Shaggy Rogers",139,0,-1,-2
"1949","Shaggy Rogers",140,0,-1,-2
"1950","Shaggy Rogers",141,1,0,-1
"1951","Shaggy Rogers",142,1,1,0
"1952","Shaggy Rogers",143,0,1,0
"1953","Shaggy Rogers",144,0,1,0
"1954","Shaggy Rogers",145,0,1,0
"1955","Shaggy Rogers",146,0,1,0
"1956","Shaggy Rogers",147,0,1,0
"1957","Shaggy Rogers",148,1,2,1
"1958","Shaggy Rogers",149,0,2,1
"1959","Shaggy Rogers",150,0,2,1
"1960","Shaggy Rogers",151,0,2,1
"1961","Shaggy Rogers",152,0,2,1
"1962","Shaggy Rogers",153,0,2,1
"1963","Shaggy Rogers",154,0,2,1
"1964","Shaggy Rogers",155,1,3,2
"1965","Shaggy Rogers",156,0,3,2
"1966","Shaggy Rogers",157,0,3,2
"1967","Shaggy Rogers",158,-1,2,1
"1968","Shaggy Rogers",159,0,2,1
"1969","Shaggy Rogers",160,0,2,1
"1970","Shaggy Rogers",161,0,2,1
"1971","Shaggy Rogers",162,0,2,1
"1972","Shaggy Rogers",163,0,2,1
"1973","Shaggy Rogers",164,0,2,1
"1974","Shaggy Rogers",165,0,2,1
"1975","Shaggy Rogers",166,0,2,1
"1976","Shaggy Rogers",167,0,2,1
"1977","Shaggy Rogers",168,0,2,1
"1978","Shaggy Rogers",169,0,2,1
"1979","Shaggy Rogers",170,0,2,1
"1980","Shaggy Rogers",171,0,2,1
"1981","Shaggy Rogers",172,0,2,1
"1982","Shaggy Rogers",173,0,2,1
"1983","Shaggy Rogers",174,0,2,2
"1984","Shaggy Rogers",175,0,2,2
"1985","Shaggy Rogers",176,0,2,2
"1986","Shaggy Rogers",177,0,2,2
"1987","Shaggy Rogers",178,0,2,2
"1988","Shaggy Rogers",179,0,2,2
"1989","Shaggy Rogers",180,0,2,2
"1990","Shaggy Rogers",181,0,2,2
"1991","Shaggy Rogers",182,0,2,2
"1992","Shaggy Rogers",183,0,2,3
"1993","Shaggy Rogers",184,0,2,3
"1994","Shaggy Rogers",185,0,2,3
"1995","Shaggy Rogers",186,0,2,3
"1996","Shaggy Rogers",187,0,2,3
"1997","Shaggy Rogers",188,0,2,3
"1998","Shaggy Rogers",189,0,2,3
"1999","Shaggy Rogers",190,0,2,3
"2000","Shaggy Rogers",191,0,2,2
"2001","Shaggy Rogers",192,0,2,1
"2002","Shaggy Rogers",193,0,2,1
"2003","Shaggy Rogers",194,0,2,1
"2004","Shaggy Rogers",195,0,2,1
"2005","Shaggy Rogers",196,0,2,1
"2006","Shaggy Rogers",197,0,2,1
"2007","Shaggy Rogers",198,0,2,0
"2008","Shaggy Rogers",199,0,2,0
"2009","Shaggy Rogers",200,0,2,0
"2010","Shaggy Rogers",201,0,2,0
"2011","Shaggy Rogers",202,0,2,0
"2012","Shaggy Rogers",203,0,2,0
"2013","Shaggy Rogers",204,0,2,0
"2014","Shaggy Rogers",205,0,2,-1
"2015","Shaggy Rogers",206,0,2,-1
"2016","Shaggy Rogers",207,0,2,-1
"2017","Shaggy Rogers",208,0,2,0
"2018","Shaggy Rogers",209,0,2,0
"2019","Shaggy Rogers",210,0,2,0
"2020","Shaggy Rogers",211,0,2,0
"2021","Shaggy Rogers",212,0,2,0
"2022","Shaggy Rogers",213,0,2,0
"2023","Shaggy Rogers",214,0,2,0
"2024","Shaggy Rogers",215,0,2,0
"2025","Shaggy Rogers",216,0,2,0
"2026","Shaggy Rogers",217,0,2,0
"2027","Shaggy Rogers",218,0,2,0
"2028","Shaggy Rogers",219,0,2,0
"2029","Shaggy Rogers",220,0,2,0
"2030","Shaggy Rogers",221,1,3,1
"2031","Shaggy Rogers",222,0,3,1
"2032","Shaggy Rogers",223,0,3,1
"2033","Shaggy Rogers",224,0,3,1
"2034","Shaggy Rogers",225,0,3,1
"2035","Shaggy Rogers",226,0,3,1
"2036","Shaggy Rogers",227,0,3,1
"2037","Shaggy Rogers",228,0,3,1
"2038","Shaggy Rogers",229,0,3,1
"2039","Shaggy Rogers",230,1,4,2
"2040","Shaggy Rogers",231,0,4,2
"2041","Shaggy Rogers",232,0,4,2
"2042","Shaggy Rogers",233,1,5,3
"2043","Shaggy Rogers",234,1,6,4
"2044","Shaggy Rogers",235,0,6,4
"2045","Shaggy Rogers",236,0,6,4
"2046","Shaggy Rogers",237,0,6,4
"2047","Shaggy Rogers",238,0,6,4
"2048","Shaggy Rogers",239,0,6,4
"2049","Shaggy Rogers",240,0,6,4
"2050","Shaggy Rogers",241,0,6,4
"2051","Shaggy Rogers",242,0,6,4
"2052","Shaggy Rogers",243,1,7,5
"2053","Shaggy Rogers",244,0,7,5
"2054","Shaggy Rogers",245,0,7,5
"2055","Shaggy Rogers",246,0,7,5
"2056","Shaggy Rogers",247,0,7,5
"2057","Shaggy Rogers",248,0,7,5
"2058","Shaggy Rogers",249,0,7,5
"2059","Shaggy Rogers",250,0,7,5
"2060","Shaggy Rogers",251,0,7,5
"2061","Shaggy Rogers",252,-1,6,4
"2062","Shaggy Rogers",253,0,6,4
"2063","Shaggy Rogers",254,0,6,4
"2064","Shaggy Rogers",255,0,6,4
"2065","Shaggy Rogers",256,0,6,4
"2066","Shaggy Rogers",257,0,6,4
"2067","Shaggy Rogers",258,0,6,4
"2068","Shaggy Rogers",259,1,7,5
"2069","Shaggy Rogers",260,0,7,5
"2070","Shaggy Rogers",261,1,8,6
"2071","Shaggy Rogers",262,0,8,6
"2072","Shaggy Rogers",263,-1,7,5
"2073","Shaggy Rogers",264,0,7,5
"2074","Shaggy Rogers",265,0,7,5
"2075","Shaggy Rogers",266,0,7,5
"2076","Shaggy Rogers",267,0,7,5
"2077","Shaggy Rogers",268,0,7,5
"2078","Shaggy Rogers",269,0,7,5
"2079","Shaggy Rogers",270,0,7,5
"2080","Shaggy Rogers",271,0,7,4
"2081","Shaggy Rogers",272,0,7,4
"2082","Shaggy Rogers",273,1,8,5
"2083","Shaggy Rogers",274,0,8,5
"2084","Shaggy Rogers",275,0,8,5
"2085","Shaggy Rogers",276,0,8,5
"2086","Shaggy Rogers",277,-1,7,4
"2087","Shaggy Rogers",278,0,7,4
"2088","Shaggy Rogers",279,0,7,4
"2089","Shaggy Rogers",280,-1,6,2
"2090","Shaggy Rogers",281,0,6,2
"2091","Shaggy Rogers",282,0,6,2
"2092","Shaggy Rogers",283,0,6,1
"2093","Shaggy Rogers",284,-1,5,-1
"2094","Shaggy Rogers",285,0,5,-1
"2095","Shaggy Rogers",286,0,5,-1
"2096","Shaggy Rogers",287,1,6,0
"2097","Shaggy Rogers",288,0,6,0
"2098","Shaggy Rogers",289,-1,5,-1
"2099","Shaggy Rogers",290,-1,4,-2
"2100","Shaggy Rogers",291,-1,3,-3
"2101","Shaggy Rogers",292,0,3,-3
"2102","Shaggy Rogers",293,0,3,-4
"2103","Shaggy Rogers",294,0,3,-4
"2104","Shaggy Rogers",295,0,3,-4
"2105","Shaggy Rogers",296,-1,2,-5
"2106","Shaggy Rogers",297,0,2,-5
"2107","Shaggy Rogers",298,0,2,-5
"2108","Shaggy Rogers",299,0,2,-5
"2109","Shaggy Rogers",300,0,2,-5
"2110","Shaggy Rogers",301,-1,1,-6
"2111","Shaggy Rogers",302,0,1,-5
"2112","Shaggy Rogers",303,0,1,-5
"2113","Shaggy Rogers",304,0,1,-5
"2114","Shaggy Rogers",305,-1,0,-6
"2115","Shaggy Rogers",306,1,1,-5
"2116","Shaggy Rogers",307,0,1,-5
"2117","Shaggy Rogers",308,-1,0,-6
"2118","Shaggy Rogers",309,-1,-1,-8
"2119","Shaggy Rogers",310,0,-1,-8
"2120","Shaggy Rogers",311,0,-1,-9
"2121","Shaggy Rogers",312,0,-1,-9
"2122","Shaggy Rogers",313,0,-1,-8
"2123","Shaggy Rogers",314,0,-1,-8
"2124","Shaggy Rogers",315,1,0,-7
"2125","Shaggy Rogers",316,0,0,-7
"2126","Shaggy Rogers",317,0,0,-7
"2127","Shaggy Rogers",318,0,0,-7
"2128","Shaggy Rogers",319,0,0,-7
"2129","Shaggy Rogers",320,0,0,-7
"2130","Shaggy Rogers",321,0,0,-7
"2131","Shaggy Rogers",322,-1,-1,-8
"2132","Shaggy Rogers",323,0,-1,-9
"2133","Shaggy Rogers",324,1,0,-8
"2134","Shaggy Rogers",325,0,0,-8
"2135","Shaggy Rogers",326,0,0,-8
"2136","Shaggy Rogers",327,0,0,-7
"2137","Shaggy Rogers",328,0,0,-7
"2138","Shaggy Rogers",329,0,0,-7
"2139","Shaggy Rogers",330,0,0,-6
"2140","Shaggy Rogers",331,1,1,-5
"2141","Shaggy Rogers",332,0,1,-5
"2142","Shaggy Rogers",333,0,1,-5
"2143","Shaggy Rogers",334,0,1,-4
"2144","Shaggy Rogers",335,0,1,-4
"2145","Shaggy Rogers",336,0,1,-4
"2146","Shaggy Rogers",337,0,1,-5
"2147","Shaggy Rogers",338,0,1,-5
"2148","Shaggy Rogers",339,-1,0,-5
"2149","Shaggy Rogers",340,-1,-1,-5
"2150","Shaggy Rogers",341,0,-1,-4
"2151","Shaggy Rogers",342,0,-1,-4
"2152","Shaggy Rogers",343,-1,-2,-5
"2153","Shaggy Rogers",344,0,-2,-5
"2154","Shaggy Rogers",345,0,-2,-5
"2155","Shaggy Rogers",346,0,-2,-4
"2156","Shaggy Rogers",347,0,-2,-4
"2157","Shaggy Rogers",348,-1,-3,-5
"2158","Shaggy Rogers",349,0,-3,-5
"2159","Shaggy Rogers",350,0,-3,-5
"2160","Shaggy Rogers",351,0,-3,-4
"2161","Shaggy Rogers",352,0,-3,-4
"2162","Shaggy Rogers",353,0,-3,-4
"2163","Shaggy Rogers",354,1,-2,-3
"2164","Shaggy Rogers",355,1,-1,-1
"2165","Shaggy Rogers",356,0,-1,-2
"2166","Shaggy Rogers",357,0,-1,-2
"2167","Shaggy Rogers",358,0,-1,-1
"2168","Shaggy Rogers",359,-1,-2,-1
"2169","Shaggy Rogers",360,0,-2,-1
"2170","Shaggy Rogers",361,-1,-3,-2
"2171","Shaggy Rogers",362,1,-2,-1
"2172","Shaggy Rogers",363,0,-2,-1
"2173","Shaggy Rogers",364,0,-2,-1
"2174","Shaggy Rogers",365,0,-2,-2
"2175","Shaggy Rogers",366,1,-1,-1
"2176","Shaggy Rogers",367,0,-1,-1
"2177","Shaggy Rogers",368,0,-1,-1
"2178","Shaggy Rogers",369,0,-1,-1
"2179","Shaggy Rogers",370,0,-1,-1
"2180","Shaggy Rogers",371,0,-1,-1
"2181","Shaggy Rogers",372,0,-1,0
"2182","Shaggy Rogers",373,-1,-2,-1
"2183","Shaggy Rogers",374,1,-1,-1
"2184","Shaggy Rogers",375,0,-1,-1
"2185","Shaggy Rogers",376,1,0,0
"2186","Shaggy Rogers",377,-1,-1,-1
"2187","Shaggy Rogers",378,1,0,0
"2188","Shaggy Rogers",379,-1,-1,-1
"2189","Shaggy Rogers",380,0,-1,-1
"2190","Shaggy Rogers",381,0,-1,-2
"2191","Shaggy Rogers",382,0,-1,-2
"2192","Shaggy Rogers",383,0,-1,-2
"2193","Shaggy Rogers",384,0,-1,-2
"2194","Shaggy Rogers",385,1,0,-1
"2195","Shaggy Rogers",386,0,0,-1
"2196","Shaggy Rogers",387,0,0,-1
"2197","Shaggy Rogers",388,0,0,-1
"2198","Shaggy Rogers",389,-1,-1,-1
"2199","Shaggy Rogers",390,0,-1,0
"2200","Shaggy Rogers",391,0,-1,0
"2201","Shaggy Rogers",392,0,-1,0
"2202","Shaggy Rogers",393,-1,-2,0
"2203","Shaggy Rogers",394,0,-2,0
"2204","Shaggy Rogers",395,-1,-3,-1
"2205","Shaggy Rogers",396,0,-3,-1
"2206","Shaggy Rogers",397,0,-3,-1
"2207","Shaggy Rogers",398,0,-3,0
"2208","Shaggy Rogers",399,-1,-4,-1
"2209","Shaggy Rogers",400,0,-4,-1
"2210","Shaggy Rogers",401,0,-4,-1
"2211","Shaggy Rogers",402,0,-4,-1
"2212","Shaggy Rogers",403,0,-4,-1
"2213","Shaggy Rogers",404,0,-4,-2
"2214","Shaggy Rogers",405,0,-4,-3
"2215","Shaggy Rogers",406,0,-4,-3
"2216","Shaggy Rogers",407,0,-4,-3
"2217","Shaggy Rogers",408,0,-4,-3
"2218","Shaggy Rogers",409,0,-4,-2
"2219","Shaggy Rogers",410,0,-4,-2
"2220","Shaggy Rogers",411,0,-4,-1
"2221","Shaggy Rogers",412,0,-4,-2
"2222","Shaggy Rogers",413,0,-4,-2
"2223","Shaggy Rogers",414,0,-4,-2
"2224","Shaggy Rogers",415,0,-4,-2
"2225","Shaggy Rogers",416,0,-4,-3
"2226","Shaggy Rogers",417,0,-4,-3
"2227","Shaggy Rogers",418,0,-4,-3
"2228","Shaggy Rogers",419,0,-4,-3
"2229","Shaggy Rogers",420,-1,-5,-4
"2230","Shaggy Rogers",421,-1,-6,-5
"2231","Shaggy Rogers",422,0,-6,-5
"2232","Shaggy Rogers",423,1,-5,-3
"2233","Shaggy Rogers",424,-1,-6,-5
"2234","Shaggy Rogers",425,0,-6,-5
"2235","Shaggy Rogers",426,0,-6,-6
"2236","Shaggy Rogers",427,0,-6,-5
"2237","Shaggy Rogers",428,0,-6,-6
"2238","Shaggy Rogers",429,0,-6,-5
"2239","Shaggy Rogers",430,0,-6,-5
"2240","Shaggy Rogers",431,-1,-7,-6
"2241","Shaggy Rogers",432,0,-7,-6
"2242","Shaggy Rogers",433,-1,-8,-7
"2243","Shaggy Rogers",434,0,-8,-7
"2244","Shaggy Rogers",435,0,-8,-8
"2245","Shaggy Rogers",436,0,-8,-8
"2246","Shaggy Rogers",437,0,-8,-8
"2247","Shaggy Rogers",438,0,-8,-8
"2248","Shaggy Rogers",439,-1,-9,-8
"2249","Shaggy Rogers",440,0,-9,-8
"2250","Shaggy Rogers",441,-1,-10,-9
"2251","Shaggy Rogers",442,-1,-11,-10
"2252","Shaggy Rogers",443,0,-11,-9
"2253","Shaggy Rogers",444,0,-11,-9
"2254","Shaggy Rogers",445,-1,-12,-9
"2255","Shaggy Rogers",446,0,-12,-9
"2256","Shaggy Rogers",447,0,-12,-9
"2257","Shaggy Rogers",448,0,-12,-9
"2258","Shaggy Rogers",449,0,-12,-8
"2259","Shaggy Rogers",450,0,-12,-8
"2260","Shaggy Rogers",451,0,-12,-8
"2261","Shaggy Rogers",452,0,-12,-8
"2262","Shaggy Rogers",453,0,-12,-8
"2263","Shaggy Rogers",454,0,-12,-8
"2264","Shaggy Rogers",455,0,-12,-8
"2265","Shaggy Rogers",456,0,-12,-8
"2266","Shaggy Rogers",457,0,-12,-8
"2267","Shaggy Rogers",458,0,-12,-8
"2268","Shaggy Rogers",459,0,-12,-8
"2269","Shaggy Rogers",460,0,-12,-8
"2270","Shaggy Rogers",461,0,-12,-8
"2271","Shaggy Rogers",462,0,-12,-8
"2272","Shaggy Rogers",463,0,-12,-8
"2273","Shaggy Rogers",464,0,-12,-8
"2274","Shaggy Rogers",465,0,-12,-8
"2275","Shaggy Rogers",466,0,-12,-8
"2276","Shaggy Rogers",467,0,-12,-8
"2277","Shaggy Rogers",468,0,-12,-8
"2278","Shaggy Rogers",469,0,-12,-8
"2279","Shaggy Rogers",470,1,-11,-6
"2280","Shaggy Rogers",471,1,-10,-4
"2281","Shaggy Rogers",472,0,-10,-4
"2282","Shaggy Rogers",473,0,-10,-5
"2283","Shaggy Rogers",474,0,-10,-4
"2284","Shaggy Rogers",475,1,-9,-3
"2285","Shaggy Rogers",476,1,-8,-2
"2286","Shaggy Rogers",477,0,-8,-2
"2287","Shaggy Rogers",478,0,-8,-2
"2288","Shaggy Rogers",479,0,-8,-2
"2289","Shaggy Rogers",480,0,-8,-2
"2290","Shaggy Rogers",481,0,-8,-1
"2291","Shaggy Rogers",482,0,-8,-1
"2292","Shaggy Rogers",483,0,-8,0
"2293","Shaggy Rogers",484,0,-8,0
"2294","Shaggy Rogers",485,0,-8,0
"2295","Shaggy Rogers",486,0,-8,0
"2296","Shaggy Rogers",487,1,-7,1
"2297","Shaggy Rogers",488,0,-7,1
"2298","Shaggy Rogers",489,0,-7,2
"2299","Shaggy Rogers",490,-1,-8,1
"2300","Shaggy Rogers",491,0,-8,2
"2301","Shaggy Rogers",492,0,-8,3
"2302","Shaggy Rogers",493,0,-8,3
"2303","Shaggy Rogers",494,0,-8,3
"2304","Shaggy Rogers",495,0,-8,4
"2305","Shaggy Rogers",496,0,-8,4
"2306","Shaggy Rogers",497,0,-8,4
"2307","Shaggy Rogers",498,0,-8,4
"2308","Shaggy Rogers",499,0,-8,4
"2309","Shaggy Rogers",500,1,-7,5
"2310","Shaggy Rogers",501,0,-7,5
"2311","Shaggy Rogers",502,0,-7,5
"2312","Shaggy Rogers",503,0,-7,5
"2313","Shaggy Rogers",504,0,-7,5
"2314","Shaggy Rogers",505,0,-7,5
"2315","Shaggy Rogers",506,1,-6,6
"2316","Shaggy Rogers",507,0,-6,6
"2317","Shaggy Rogers",508,1,-5,7
"2318","Shaggy Rogers",509,0,-5,7
"2319","Shaggy Rogers",510,1,-4,8
"2320","Shaggy Rogers",511,0,-4,8
"2321","Shaggy Rogers",512,0,-4,8
"2322","Shaggy Rogers",513,0,-4,8
"2323","Shaggy Rogers",514,0,-4,8
"2324","Shaggy Rogers",515,0,-4,8
"2325","Shaggy Rogers",516,0,-4,8
"2326","Shaggy Rogers",517,0,-4,8
"2327","Shaggy Rogers",518,0,-4,8
"2328","Shaggy Rogers",519,0,-4,8
"2329","Shaggy Rogers",520,-1,-5,6
"2330","Shaggy Rogers",521,0,-5,5
"2331","Shaggy Rogers",522,-1,-6,4
"2332","Shaggy Rogers",523,0,-6,4
"2333","Shaggy Rogers",524,-1,-7,3
"2334","Shaggy Rogers",525,0,-7,2
"2335","Shaggy Rogers",526,0,-7,1
"2336","Shaggy Rogers",527,-1,-8,0
"2337","Shaggy Rogers",528,1,-7,1
"2338","Shaggy Rogers",529,0,-7,1
"2339","Shaggy Rogers",530,0,-7,1
"2340","Shaggy Rogers",531,1,-6,2
"2341","Shaggy Rogers",532,-1,-7,1
"2342","Shaggy Rogers",533,0,-7,1
"2343","Shaggy Rogers",534,0,-7,1
"2344","Shaggy Rogers",535,0,-7,1
"2345","Shaggy Rogers",536,0,-7,1
"2346","Shaggy Rogers",537,0,-7,0
"2347","Shaggy Rogers",538,0,-7,0
"2348","Shaggy Rogers",539,-1,-8,-1
"2349","Shaggy Rogers",540,0,-8,0
"2350","Shaggy Rogers",541,0,-8,0
"2351","Shaggy Rogers",542,0,-8,0
"2352","Shaggy Rogers",543,0,-8,0
"2353","Shaggy Rogers",544,-1,-9,-1
"2354","Shaggy Rogers",545,0,-9,-1
"2355","Shaggy Rogers",546,0,-9,-1
"2356","Shaggy Rogers",547,1,-8,0
"2357","Shaggy Rogers",548,-1,-9,-1
"2358","Shaggy Rogers",549,0,-9,-1
"2359","Shaggy Rogers",550,1,-8,-1
"2360","Shaggy Rogers",551,1,-7,0
"2361","Shaggy Rogers",552,0,-7,0
"2362","Shaggy Rogers",553,0,-7,0
"2363","Shaggy Rogers",554,0,-7,0
"2364","Shaggy Rogers",555,0,-7,0
"2365","Shaggy Rogers",556,0,-7,-1
"2366","Shaggy Rogers",557,0,-7,-1
"2367","Shaggy Rogers",558,0,-7,-2
"2368","Shaggy Rogers",559,0,-7,-2
"2369","Shaggy Rogers",560,0,-7,-3
"2370","Shaggy Rogers",561,-1,-8,-4
"2371","Shaggy Rogers",562,1,-7,-3
"2372","Shaggy Rogers",563,0,-7,-3
"2373","Shaggy Rogers",564,0,-7,-3
"2374","Shaggy Rogers",565,0,-7,-3
"2375","Shaggy Rogers",566,0,-7,-3
"2376","Shaggy Rogers",567,0,-7,-3
"2377","Shaggy Rogers",568,0,-7,-3
"2378","Shaggy Rogers",569,0,-7,-3
"2379","Shaggy Rogers",570,0,-7,-2
"2380","Shaggy Rogers",571,0,-7,-2
"2381","Shaggy Rogers",572,0,-7,-1
"2382","Shaggy Rogers",573,1,-6,0
"2383","Shaggy Rogers",574,0,-6,1
"2384","Shaggy Rogers",575,-1,-7,0
"2385","Shaggy Rogers",576,0,-7,0
"2386","Shaggy Rogers",577,0,-7,1
"2387","Shaggy Rogers",578,0,-7,0
"2388","Shaggy Rogers",579,0,-7,0
"2389","Shaggy Rogers",580,0,-7,0
"2390","Shaggy Rogers",581,0,-7,-1
"2391","Shaggy Rogers",582,0,-7,0
"2392","Shaggy Rogers",583,0,-7,0
"2393","Shaggy Rogers",584,0,-7,0
"2394","Shaggy Rogers",585,0,-7,0
"2395","Shaggy Rogers",586,0,-7,0
"2396","Shaggy Rogers",587,0,-7,0
"2397","Shaggy Rogers",588,0,-7,0
"2398","Shaggy Rogers",589,0,-7,1
"2399","Shaggy Rogers",590,0,-7,1
"2400","Shaggy Rogers",591,0,-7,1
"2401","Shaggy Rogers",592,0,-7,1
"2402","Shaggy Rogers",593,0,-7,1
"2403","Shaggy Rogers",594,0,-7,2
"2404","Shaggy Rogers",595,0,-7,2
"2405","Shaggy Rogers",596,0,-7,2
"2406","Shaggy Rogers",597,0,-7,1
"2407","Shaggy Rogers",598,0,-7,2
"2408","Shaggy Rogers",599,0,-7,2
"2409","Shaggy Rogers",600,0,-7,1
"2410","Shaggy Rogers",601,-1,-8,-1
"2411","Shaggy Rogers",602,0,-8,-1
"2412","Shaggy Rogers",603,0,-8,-1
"2413","Velma Dinkley",1,0,0,0
"2414","Velma Dinkley",2,-1,-1,-1
"2415","Velma Dinkley",3,0,-1,-1
"2416","Velma Dinkley",4,0,-1,-1
"2417","Velma Dinkley",5,0,-1,-1
"2418","Velma Dinkley",6,0,-1,-1
"2419","Velma Dinkley",7,0,-1,-1
"2420","Velma Dinkley",8,0,-1,-1
"2421","Velma Dinkley",9,0,-1,-1
"2422","Velma Dinkley",10,0,-1,-1
"2423","Velma Dinkley",11,0,-1,-1
"2424","Velma Dinkley",12,0,-1,-1
"2425","Velma Dinkley",13,0,-1,-1
"2426","Velma Dinkley",14,-1,-2,-2
"2427","Velma Dinkley",15,0,-2,-2
"2428","Velma Dinkley",16,0,-2,-2
"2429","Velma Dinkley",17,-1,-3,-3
"2430","Velma Dinkley",18,0,-3,-3
"2431","Velma Dinkley",19,-1,-4,-4
"2432","Velma Dinkley",20,-1,-5,-5
"2433","Velma Dinkley",21,0,-5,-5
"2434","Velma Dinkley",22,0,-5,-5
"2435","Velma Dinkley",23,0,-5,-5
"2436","Velma Dinkley",24,-1,-6,-6
"2437","Velma Dinkley",25,-1,-7,-7
"2438","Velma Dinkley",26,-1,-8,-8
"2439","Velma Dinkley",27,0,-8,-8
"2440","Velma Dinkley",28,0,-8,-8
"2441","Velma Dinkley",29,0,-8,-8
"2442","Velma Dinkley",30,0,-8,-8
"2443","Velma Dinkley",31,0,-8,-8
"2444","Velma Dinkley",32,0,-8,-8
"2445","Velma Dinkley",33,0,-8,-8
"2446","Velma Dinkley",34,0,-8,-8
"2447","Velma Dinkley",35,0,-8,-8
"2448","Velma Dinkley",36,-1,-9,-9
"2449","Velma Dinkley",37,0,-9,-9
"2450","Velma Dinkley",38,0,-9,-9
"2451","Velma Dinkley",39,0,-9,-9
"2452","Velma Dinkley",40,0,-9,-9
"2453","Velma Dinkley",41,0,-9,-9
"2454","Velma Dinkley",42,0,-9,-9
"2455","Velma Dinkley",43,-1,-10,-10
"2456","Velma Dinkley",44,-1,-11,-11
"2457","Velma Dinkley",45,-1,-12,-12
"2458","Velma Dinkley",46,0,-12,-12
"2459","Velma Dinkley",47,-1,-13,-13
"2460","Velma Dinkley",48,0,-13,-13
"2461","Velma Dinkley",49,0,-13,-13
"2462","Velma Dinkley",50,0,-13,-13
"2463","Velma Dinkley",51,0,-13,-13
"2464","Velma Dinkley",52,0,-13,-12
"2465","Velma Dinkley",53,-1,-14,-13
"2466","Velma Dinkley",54,0,-14,-13
"2467","Velma Dinkley",55,0,-14,-13
"2468","Velma Dinkley",56,0,-14,-13
"2469","Velma Dinkley",57,0,-14,-13
"2470","Velma Dinkley",58,0,-14,-13
"2471","Velma Dinkley",59,0,-14,-13
"2472","Velma Dinkley",60,0,-14,-13
"2473","Velma Dinkley",61,0,-14,-13
"2474","Velma Dinkley",62,-1,-15,-14
"2475","Velma Dinkley",63,0,-15,-14
"2476","Velma Dinkley",64,0,-15,-13
"2477","Velma Dinkley",65,-1,-16,-14
"2478","Velma Dinkley",66,-1,-17,-15
"2479","Velma Dinkley",67,0,-17,-14
"2480","Velma Dinkley",68,0,-17,-14
"2481","Velma Dinkley",69,-1,-18,-14
"2482","Velma Dinkley",70,0,-18,-13
"2483","Velma Dinkley",71,0,-18,-13
"2484","Velma Dinkley",72,0,-18,-13
"2485","Velma Dinkley",73,0,-18,-13
"2486","Velma Dinkley",74,0,-18,-12
"2487","Velma Dinkley",75,0,-18,-11
"2488","Velma Dinkley",76,0,-18,-10
"2489","Velma Dinkley",77,0,-18,-10
"2490","Velma Dinkley",78,-1,-19,-11
"2491","Velma Dinkley",79,0,-19,-11
"2492","Velma Dinkley",80,0,-19,-11
"2493","Velma Dinkley",81,0,-19,-11
"2494","Velma Dinkley",82,0,-19,-11
"2495","Velma Dinkley",83,0,-19,-11
"2496","Velma Dinkley",84,-1,-20,-12
"2497","Velma Dinkley",85,0,-20,-12
"2498","Velma Dinkley",86,0,-20,-11
"2499","Velma Dinkley",87,0,-20,-11
"2500","Velma Dinkley",88,0,-20,-11
"2501","Velma Dinkley",89,0,-20,-11
"2502","Velma Dinkley",90,0,-20,-11
"2503","Velma Dinkley",91,0,-20,-11
"2504","Velma Dinkley",92,0,-20,-11
"2505","Velma Dinkley",93,0,-20,-10
"2506","Velma Dinkley",94,0,-20,-9
"2507","Velma Dinkley",95,0,-20,-8
"2508","Velma Dinkley",96,0,-20,-8
"2509","Velma Dinkley",97,0,-20,-7
"2510","Velma Dinkley",98,0,-20,-7
"2511","Velma Dinkley",99,0,-20,-7
"2512","Velma Dinkley",100,0,-20,-7
"2513","Velma Dinkley",101,0,-20,-7
"2514","Velma Dinkley",102,0,-20,-7
"2515","Velma Dinkley",103,0,-20,-6
"2516","Velma Dinkley",104,0,-20,-6
"2517","Velma Dinkley",105,0,-20,-6
"2518","Velma Dinkley",106,0,-20,-6
"2519","Velma Dinkley",107,0,-20,-6
"2520","Velma Dinkley",108,0,-20,-6
"2521","Velma Dinkley",109,0,-20,-6
"2522","Velma Dinkley",110,0,-20,-6
"2523","Velma Dinkley",111,0,-20,-6
"2524","Velma Dinkley",112,-1,-21,-6
"2525","Velma Dinkley",113,0,-21,-6
"2526","Velma Dinkley",114,0,-21,-6
"2527","Velma Dinkley",115,0,-21,-5
"2528","Velma Dinkley",116,0,-21,-4
"2529","Velma Dinkley",117,0,-21,-4
"2530","Velma Dinkley",118,0,-21,-4
"2531","Velma Dinkley",119,0,-21,-3
"2532","Velma Dinkley",120,0,-21,-3
"2533","Velma Dinkley",121,0,-21,-3
"2534","Velma Dinkley",122,0,-21,-3
"2535","Velma Dinkley",123,0,-21,-3
"2536","Velma Dinkley",124,0,-21,-3
"2537","Velma Dinkley",125,0,-21,-3
"2538","Velma Dinkley",126,0,-21,-3
"2539","Velma Dinkley",127,0,-21,-3
"2540","Velma Dinkley",128,0,-21,-2
"2541","Velma Dinkley",129,0,-21,-2
"2542","Velma Dinkley",130,0,-21,-2
"2543","Velma Dinkley",131,0,-21,-2
"2544","Velma Dinkley",132,0,-21,-2
"2545","Velma Dinkley",133,0,-21,-2
"2546","Velma Dinkley",134,0,-21,-1
"2547","Velma Dinkley",135,0,-21,-1
"2548","Velma Dinkley",136,0,-21,-1
"2549","Velma Dinkley",137,0,-21,-1
"2550","Velma Dinkley",138,-1,-22,-2
"2551","Velma Dinkley",139,0,-22,-2
"2552","Velma Dinkley",140,0,-22,-2
"2553","Velma Dinkley",141,0,-22,-2
"2554","Velma Dinkley",142,0,-22,-2
"2555","Velma Dinkley",143,0,-22,-2
"2556","Velma Dinkley",144,0,-22,-2
"2557","Velma Dinkley",145,0,-22,-2
"2558","Velma Dinkley",146,0,-22,-2
"2559","Velma Dinkley",147,0,-22,-2
"2560","Velma Dinkley",148,0,-22,-2
"2561","Velma Dinkley",149,0,-22,-2
"2562","Velma Dinkley",150,1,-21,-1
"2563","Velma Dinkley",151,1,-20,0
"2564","Velma Dinkley",152,0,-20,0
"2565","Velma Dinkley",153,0,-20,0
"2566","Velma Dinkley",154,0,-20,0
"2567","Velma Dinkley",155,0,-20,0
"2568","Velma Dinkley",156,0,-20,0
"2569","Velma Dinkley",157,0,-20,0
"2570","Velma Dinkley",158,0,-20,0
"2571","Velma Dinkley",159,0,-20,0
"2572","Velma Dinkley",160,0,-20,0
"2573","Velma Dinkley",161,0,-20,0
"2574","Velma Dinkley",162,0,-20,1
"2575","Velma Dinkley",163,0,-20,1
"2576","Velma Dinkley",164,0,-20,1
"2577","Velma Dinkley",165,0,-20,1
"2578","Velma Dinkley",166,0,-20,1
"2579","Velma Dinkley",167,0,-20,1
"2580","Velma Dinkley",168,0,-20,1
"2581","Velma Dinkley",169,0,-20,1
"2582","Velma Dinkley",170,0,-20,1
"2583","Velma Dinkley",171,0,-20,1
"2584","Velma Dinkley",172,0,-20,1
"2585","Velma Dinkley",173,0,-20,1
"2586","Velma Dinkley",174,0,-20,1
"2587","Velma Dinkley",175,0,-20,1
"2588","Velma Dinkley",176,0,-20,1
"2589","Velma Dinkley",177,0,-20,1
"2590","Velma Dinkley",178,0,-20,1
"2591","Velma Dinkley",179,0,-20,1
"2592","Velma Dinkley",180,0,-20,1
"2593","Velma Dinkley",181,0,-20,1
"2594","Velma Dinkley",182,0,-20,1
"2595","Velma Dinkley",183,0,-20,1
"2596","Velma Dinkley",184,0,-20,1
"2597","Velma Dinkley",185,0,-20,1
"2598","Velma Dinkley",186,0,-20,1
"2599","Velma Dinkley",187,0,-20,1
"2600","Velma Dinkley",188,0,-20,2
"2601","Velma Dinkley",189,0,-20,2
"2602","Velma Dinkley",190,0,-20,2
"2603","Velma Dinkley",191,0,-20,2
"2604","Velma Dinkley",192,0,-20,2
"2605","Velma Dinkley",193,0,-20,2
"2606","Velma Dinkley",194,0,-20,2
"2607","Velma Dinkley",195,0,-20,2
"2608","Velma Dinkley",196,0,-20,2
"2609","Velma Dinkley",197,0,-20,2
"2610","Velma Dinkley",198,0,-20,2
"2611","Velma Dinkley",199,0,-20,2
"2612","Velma Dinkley",200,0,-20,1
"2613","Velma Dinkley",201,0,-20,0
"2614","Velma Dinkley",202,0,-20,0
"2615","Velma Dinkley",203,0,-20,0
"2616","Velma Dinkley",204,0,-20,0
"2617","Velma Dinkley",205,0,-20,0
"2618","Velma Dinkley",206,0,-20,0
"2619","Velma Dinkley",207,0,-20,0
"2620","Velma Dinkley",208,0,-20,0
"2621","Velma Dinkley",209,0,-20,0
"2622","Velma Dinkley",210,0,-20,0
"2623","Velma Dinkley",211,0,-20,0
"2624","Velma Dinkley",212,0,-20,0
"2625","Velma Dinkley",213,0,-20,0
"2626","Velma Dinkley",214,0,-20,0
"2627","Velma Dinkley",215,0,-20,0
"2628","Velma Dinkley",216,0,-20,0
"2629","Velma Dinkley",217,0,-20,0
"2630","Velma Dinkley",218,0,-20,0
"2631","Velma Dinkley",219,0,-20,0
"2632","Velma Dinkley",220,0,-20,0
"2633","Velma Dinkley",221,0,-20,0
"2634","Velma Dinkley",222,0,-20,0
"2635","Velma Dinkley",223,0,-20,0
"2636","Velma Dinkley",224,0,-20,0
"2637","Velma Dinkley",225,0,-20,0
"2638","Velma Dinkley",226,0,-20,0
"2639","Velma Dinkley",227,0,-20,0
"2640","Velma Dinkley",228,0,-20,0
"2641","Velma Dinkley",229,0,-20,0
"2642","Velma Dinkley",230,0,-20,0
"2643","Velma Dinkley",231,0,-20,0
"2644","Velma Dinkley",232,0,-20,0
"2645","Velma Dinkley",233,0,-20,0
"2646","Velma Dinkley",234,0,-20,0
"2647","Velma Dinkley",235,0,-20,0
"2648","Velma Dinkley",236,0,-20,0
"2649","Velma Dinkley",237,0,-20,0
"2650","Velma Dinkley",238,0,-20,0
"2651","Velma Dinkley",239,0,-20,0
"2652","Velma Dinkley",240,0,-20,0
"2653","Velma Dinkley",241,0,-20,0
"2654","Velma Dinkley",242,0,-20,0
"2655","Velma Dinkley",243,0,-20,0
"2656","Velma Dinkley",244,0,-20,0
"2657","Velma Dinkley",245,0,-20,0
"2658","Velma Dinkley",246,0,-20,0
"2659","Velma Dinkley",247,0,-20,0
"2660","Velma Dinkley",248,0,-20,0
"2661","Velma Dinkley",249,0,-20,0
"2662","Velma Dinkley",250,0,-20,0
"2663","Velma Dinkley",251,0,-20,0
"2664","Velma Dinkley",252,0,-20,0
"2665","Velma Dinkley",253,0,-20,0
"2666","Velma Dinkley",254,0,-20,0
"2667","Velma Dinkley",255,0,-20,0
"2668","Velma Dinkley",256,0,-20,0
"2669","Velma Dinkley",257,0,-20,0
"2670","Velma Dinkley",258,0,-20,0
"2671","Velma Dinkley",259,0,-20,0
"2672","Velma Dinkley",260,0,-20,0
"2673","Velma Dinkley",261,0,-20,0
"2674","Velma Dinkley",262,0,-20,0
"2675","Velma Dinkley",263,0,-20,0
"2676","Velma Dinkley",264,0,-20,0
"2677","Velma Dinkley",265,0,-20,0
"2678","Velma Dinkley",266,0,-20,0
"2679","Velma Dinkley",267,0,-20,0
"2680","Velma Dinkley",268,0,-20,0
"2681","Velma Dinkley",269,0,-20,0
"2682","Velma Dinkley",270,0,-20,0
"2683","Velma Dinkley",271,0,-20,0
"2684","Velma Dinkley",272,0,-20,0
"2685","Velma Dinkley",273,0,-20,0
"2686","Velma Dinkley",274,0,-20,0
"2687","Velma Dinkley",275,0,-20,0
"2688","Velma Dinkley",276,0,-20,0
"2689","Velma Dinkley",277,-1,-21,-1
"2690","Velma Dinkley",278,0,-21,-1
"2691","Velma Dinkley",279,0,-21,-1
"2692","Velma Dinkley",280,-1,-22,-2
"2693","Velma Dinkley",281,0,-22,-2
"2694","Velma Dinkley",282,0,-22,-2
"2695","Velma Dinkley",283,0,-22,-2
"2696","Velma Dinkley",284,0,-22,-2
"2697","Velma Dinkley",285,0,-22,-2
"2698","Velma Dinkley",286,0,-22,-2
"2699","Velma Dinkley",287,0,-22,-2
"2700","Velma Dinkley",288,0,-22,-2
"2701","Velma Dinkley",289,0,-22,-2
"2702","Velma Dinkley",290,0,-22,-2
"2703","Velma Dinkley",291,0,-22,-2
"2704","Velma Dinkley",292,0,-22,-2
"2705","Velma Dinkley",293,0,-22,-2
"2706","Velma Dinkley",294,0,-22,-2
"2707","Velma Dinkley",295,0,-22,-2
"2708","Velma Dinkley",296,0,-22,-2
"2709","Velma Dinkley",297,0,-22,-2
"2710","Velma Dinkley",298,0,-22,-2
"2711","Velma Dinkley",299,0,-22,-2
"2712","Velma Dinkley",300,0,-22,-2
"2713","Velma Dinkley",301,0,-22,-2
"2714","Velma Dinkley",302,1,-21,-1
"2715","Velma Dinkley",303,0,-21,-1
"2716","Velma Dinkley",304,0,-21,-1
"2717","Velma Dinkley",305,0,-21,-1
"2718","Velma Dinkley",306,0,-21,-1
"2719","Velma Dinkley",307,0,-21,-1
"2720","Velma Dinkley",308,0,-21,-1
"2721","Velma Dinkley",309,-1,-22,-2
"2722","Velma Dinkley",310,0,-22,-2
"2723","Velma Dinkley",311,0,-22,-2
"2724","Velma Dinkley",312,0,-22,-2
"2725","Velma Dinkley",313,0,-22,-2
"2726","Velma Dinkley",314,0,-22,-2
"2727","Velma Dinkley",315,1,-21,-1
"2728","Velma Dinkley",316,0,-21,-1
"2729","Velma Dinkley",317,0,-21,-1
"2730","Velma Dinkley",318,0,-21,-1
"2731","Velma Dinkley",319,0,-21,-1
"2732","Velma Dinkley",320,0,-21,-1
"2733","Velma Dinkley",321,0,-21,-1
"2734","Velma Dinkley",322,0,-21,-1
"2735","Velma Dinkley",323,0,-21,-1
"2736","Velma Dinkley",324,0,-21,-1
"2737","Velma Dinkley",325,0,-21,-1
"2738","Velma Dinkley",326,0,-21,-1
"2739","Velma Dinkley",327,0,-21,0
"2740","Velma Dinkley",328,0,-21,0
"2741","Velma Dinkley",329,0,-21,0
"2742","Velma Dinkley",330,0,-21,1
"2743","Velma Dinkley",331,0,-21,1
"2744","Velma Dinkley",332,0,-21,1
"2745","Velma Dinkley",333,0,-21,1
"2746","Velma Dinkley",334,0,-21,1
"2747","Velma Dinkley",335,0,-21,1
"2748","Velma Dinkley",336,-1,-22,0
"2749","Velma Dinkley",337,-1,-23,-1
"2750","Velma Dinkley",338,0,-23,-1
"2751","Velma Dinkley",339,-1,-24,-2
"2752","Velma Dinkley",340,-1,-25,-3
"2753","Velma Dinkley",341,0,-25,-3
"2754","Velma Dinkley",342,-1,-26,-4
"2755","Velma Dinkley",343,1,-25,-3
"2756","Velma Dinkley",344,1,-24,-2
"2757","Velma Dinkley",345,1,-23,-1
"2758","Velma Dinkley",346,0,-23,-1
"2759","Velma Dinkley",347,0,-23,-1
"2760","Velma Dinkley",348,1,-22,0
"2761","Velma Dinkley",349,0,-22,0
"2762","Velma Dinkley",350,0,-22,0
"2763","Velma Dinkley",351,0,-22,0
"2764","Velma Dinkley",352,0,-22,-1
"2765","Velma Dinkley",353,0,-22,-1
"2766","Velma Dinkley",354,1,-21,0
"2767","Velma Dinkley",355,0,-21,0
"2768","Velma Dinkley",356,0,-21,0
"2769","Velma Dinkley",357,0,-21,0
"2770","Velma Dinkley",358,0,-21,0
"2771","Velma Dinkley",359,0,-21,1
"2772","Velma Dinkley",360,-1,-22,0
"2773","Velma Dinkley",361,-1,-23,-1
"2774","Velma Dinkley",362,0,-23,-1
"2775","Velma Dinkley",363,0,-23,-1
"2776","Velma Dinkley",364,1,-22,0
"2777","Velma Dinkley",365,1,-21,0
"2778","Velma Dinkley",366,0,-21,0
"2779","Velma Dinkley",367,0,-21,0
"2780","Velma Dinkley",368,0,-21,0
"2781","Velma Dinkley",369,1,-20,1
"2782","Velma Dinkley",370,-1,-21,0
"2783","Velma Dinkley",371,0,-21,0
"2784","Velma Dinkley",372,0,-21,0
"2785","Velma Dinkley",373,-1,-22,-1
"2786","Velma Dinkley",374,1,-21,0
"2787","Velma Dinkley",375,0,-21,0
"2788","Velma Dinkley",376,0,-21,0
"2789","Velma Dinkley",377,-1,-22,-1
"2790","Velma Dinkley",378,0,-22,-1
"2791","Velma Dinkley",379,-1,-23,-2
"2792","Velma Dinkley",380,1,-22,-1
"2793","Velma Dinkley",381,0,-22,-1
"2794","Velma Dinkley",382,0,-22,-1
"2795","Velma Dinkley",383,0,-22,-1
"2796","Velma Dinkley",384,1,-21,0
"2797","Velma Dinkley",385,0,-21,0
"2798","Velma Dinkley",386,-1,-22,0
"2799","Velma Dinkley",387,1,-21,2
"2800","Velma Dinkley",388,0,-21,2
"2801","Velma Dinkley",389,0,-21,3
"2802","Velma Dinkley",390,-1,-22,3
"2803","Velma Dinkley",391,0,-22,3
"2804","Velma Dinkley",392,-1,-23,3
"2805","Velma Dinkley",393,0,-23,2
"2806","Velma Dinkley",394,0,-23,1
"2807","Velma Dinkley",395,0,-23,0
"2808","Velma Dinkley",396,0,-23,0
"2809","Velma Dinkley",397,0,-23,0
"2810","Velma Dinkley",398,0,-23,-1
"2811","Velma Dinkley",399,0,-23,-1
"2812","Velma Dinkley",400,0,-23,-1
"2813","Velma Dinkley",401,0,-23,-1
"2814","Velma Dinkley",402,0,-23,-1
"2815","Velma Dinkley",403,0,-23,-1
"2816","Velma Dinkley",404,0,-23,-2
"2817","Velma Dinkley",405,0,-23,-2
"2818","Velma Dinkley",406,0,-23,-2
"2819","Velma Dinkley",407,0,-23,-2
"2820","Velma Dinkley",408,0,-23,-2
"2821","Velma Dinkley",409,0,-23,-2
"2822","Velma Dinkley",410,0,-23,-1
"2823","Velma Dinkley",411,0,-23,0
"2824","Velma Dinkley",412,0,-23,0
"2825","Velma Dinkley",413,0,-23,0
"2826","Velma Dinkley",414,0,-23,-1
"2827","Velma Dinkley",415,0,-23,-2
"2828","Velma Dinkley",416,0,-23,-2
"2829","Velma Dinkley",417,0,-23,-2
"2830","Velma Dinkley",418,0,-23,-2
"2831","Velma Dinkley",419,0,-23,-3
"2832","Velma Dinkley",420,-1,-24,-3
"2833","Velma Dinkley",421,-1,-25,-4
"2834","Velma Dinkley",422,-1,-26,-5
"2835","Velma Dinkley",423,0,-26,-4
"2836","Velma Dinkley",424,-1,-27,-6
"2837","Velma Dinkley",425,0,-27,-6
"2838","Velma Dinkley",426,0,-27,-6
"2839","Velma Dinkley",427,0,-27,-5
"2840","Velma Dinkley",428,0,-27,-5
"2841","Velma Dinkley",429,0,-27,-4
"2842","Velma Dinkley",430,0,-27,-5
"2843","Velma Dinkley",431,0,-27,-5
"2844","Velma Dinkley",432,0,-27,-5
"2845","Velma Dinkley",433,-1,-28,-6
"2846","Velma Dinkley",434,0,-28,-7
"2847","Velma Dinkley",435,0,-28,-7
"2848","Velma Dinkley",436,0,-28,-6
"2849","Velma Dinkley",437,0,-28,-7
"2850","Velma Dinkley",438,-1,-29,-8
"2851","Velma Dinkley",439,-1,-30,-9
"2852","Velma Dinkley",440,-1,-31,-9
"2853","Velma Dinkley",441,-1,-32,-10
"2854","Velma Dinkley",442,-1,-33,-10
"2855","Velma Dinkley",443,0,-33,-10
"2856","Velma Dinkley",444,0,-33,-10
"2857","Velma Dinkley",445,-1,-34,-11
"2858","Velma Dinkley",446,0,-34,-11
"2859","Velma Dinkley",447,0,-34,-11
"2860","Velma Dinkley",448,0,-34,-11
"2861","Velma Dinkley",449,0,-34,-11
"2862","Velma Dinkley",450,-1,-35,-12
"2863","Velma Dinkley",451,0,-35,-12
"2864","Velma Dinkley",452,0,-35,-12
"2865","Velma Dinkley",453,0,-35,-12
"2866","Velma Dinkley",454,1,-34,-11
"2867","Velma Dinkley",455,0,-34,-11
"2868","Velma Dinkley",456,0,-34,-11
"2869","Velma Dinkley",457,0,-34,-11
"2870","Velma Dinkley",458,0,-34,-11
"2871","Velma Dinkley",459,0,-34,-11
"2872","Velma Dinkley",460,0,-34,-11
"2873","Velma Dinkley",461,0,-34,-11
"2874","Velma Dinkley",462,0,-34,-11
"2875","Velma Dinkley",463,0,-34,-11
"2876","Velma Dinkley",464,0,-34,-11
"2877","Velma Dinkley",465,0,-34,-11
"2878","Velma Dinkley",466,0,-34,-11
"2879","Velma Dinkley",467,0,-34,-11
"2880","Velma Dinkley",468,0,-34,-11
"2881","Velma Dinkley",469,0,-34,-11
"2882","Velma Dinkley",470,1,-33,-9
"2883","Velma Dinkley",471,-1,-34,-9
"2884","Velma Dinkley",472,1,-33,-7
"2885","Velma Dinkley",473,0,-33,-7
"2886","Velma Dinkley",474,0,-33,-6
"2887","Velma Dinkley",475,-1,-34,-7
"2888","Velma Dinkley",476,0,-34,-7
"2889","Velma Dinkley",477,0,-34,-7
"2890","Velma Dinkley",478,0,-34,-7
"2891","Velma Dinkley",479,0,-34,-7
"2892","Velma Dinkley",480,0,-34,-7
"2893","Velma Dinkley",481,0,-34,-7
"2894","Velma Dinkley",482,0,-34,-7
"2895","Velma Dinkley",483,0,-34,-6
"2896","Velma Dinkley",484,0,-34,-6
"2897","Velma Dinkley",485,0,-34,-6
"2898","Velma Dinkley",486,0,-34,-6
"2899","Velma Dinkley",487,0,-34,-6
"2900","Velma Dinkley",488,0,-34,-5
"2901","Velma Dinkley",489,0,-34,-4
"2902","Velma Dinkley",490,-1,-35,-4
"2903","Velma Dinkley",491,0,-35,-3
"2904","Velma Dinkley",492,0,-35,-2
"2905","Velma Dinkley",493,0,-35,-2
"2906","Velma Dinkley",494,0,-35,-2
"2907","Velma Dinkley",495,0,-35,-1
"2908","Velma Dinkley",496,1,-34,0
"2909","Velma Dinkley",497,0,-34,0
"2910","Velma Dinkley",498,0,-34,0
"2911","Velma Dinkley",499,0,-34,0
"2912","Velma Dinkley",500,0,-34,1
"2913","Velma Dinkley",501,1,-33,2
"2914","Velma Dinkley",502,0,-33,2
"2915","Velma Dinkley",503,1,-32,3
"2916","Velma Dinkley",504,0,-32,2
"2917","Velma Dinkley",505,0,-32,2
"2918","Velma Dinkley",506,1,-31,3
"2919","Velma Dinkley",507,1,-30,4
"2920","Velma Dinkley",508,0,-30,4
"2921","Velma Dinkley",509,0,-30,4
"2922","Velma Dinkley",510,0,-30,4
"2923","Velma Dinkley",511,0,-30,4
"2924","Velma Dinkley",512,0,-30,4
"2925","Velma Dinkley",513,0,-30,4
"2926","Velma Dinkley",514,1,-29,5
"2927","Velma Dinkley",515,0,-29,5
"2928","Velma Dinkley",516,0,-29,5
"2929","Velma Dinkley",517,0,-29,5
"2930","Velma Dinkley",518,0,-29,5
"2931","Velma Dinkley",519,0,-29,5
"2932","Velma Dinkley",520,-1,-30,3
"2933","Velma Dinkley",521,1,-29,5
"2934","Velma Dinkley",522,-1,-30,3
"2935","Velma Dinkley",523,0,-30,3
"2936","Velma Dinkley",524,0,-30,3
"2937","Velma Dinkley",525,0,-30,4
"2938","Velma Dinkley",526,0,-30,4
"2939","Velma Dinkley",527,0,-30,4
"2940","Velma Dinkley",528,1,-29,5
"2941","Velma Dinkley",529,0,-29,5
"2942","Velma Dinkley",530,0,-29,5
"2943","Velma Dinkley",531,0,-29,5
"2944","Velma Dinkley",532,-1,-30,4
"2945","Velma Dinkley",533,1,-29,5
"2946","Velma Dinkley",534,1,-28,6
"2947","Velma Dinkley",535,0,-28,6
"2948","Velma Dinkley",536,0,-28,6
"2949","Velma Dinkley",537,0,-28,6
"2950","Velma Dinkley",538,0,-28,6
"2951","Velma Dinkley",539,-1,-29,5
"2952","Velma Dinkley",540,0,-29,6
"2953","Velma Dinkley",541,0,-29,6
"2954","Velma Dinkley",542,0,-29,6
"2955","Velma Dinkley",543,0,-29,6
"2956","Velma Dinkley",544,-1,-30,5
"2957","Velma Dinkley",545,0,-30,5
"2958","Velma Dinkley",546,1,-29,5
"2959","Velma Dinkley",547,0,-29,5
"2960","Velma Dinkley",548,-1,-30,4
"2961","Velma Dinkley",549,0,-30,4
"2962","Velma Dinkley",550,0,-30,4
"2963","Velma Dinkley",551,0,-30,3
"2964","Velma Dinkley",552,0,-30,3
"2965","Velma Dinkley",553,0,-30,2
"2966","Velma Dinkley",554,0,-30,2
"2967","Velma Dinkley",555,0,-30,2
"2968","Velma Dinkley",556,0,-30,1
"2969","Velma Dinkley",557,0,-30,0
"2970","Velma Dinkley",558,0,-30,0
"2971","Velma Dinkley",559,0,-30,0
"2972","Velma Dinkley",560,0,-30,0
"2973","Velma Dinkley",561,-1,-31,-1
"2974","Velma Dinkley",562,1,-30,0
"2975","Velma Dinkley",563,0,-30,0
"2976","Velma Dinkley",564,0,-30,-1
"2977","Velma Dinkley",565,0,-30,-1
"2978","Velma Dinkley",566,0,-30,-1
"2979","Velma Dinkley",567,0,-30,-1
"2980","Velma Dinkley",568,0,-30,-1
"2981","Velma Dinkley",569,0,-30,-1
"2982","Velma Dinkley",570,-1,-31,-1
"2983","Velma Dinkley",571,-1,-32,-3
"2984","Velma Dinkley",572,0,-32,-2
"2985","Velma Dinkley",573,-1,-33,-3
"2986","Velma Dinkley",574,-1,-34,-4
"2987","Velma Dinkley",575,-1,-35,-5
"2988","Velma Dinkley",576,-1,-36,-6
"2989","Velma Dinkley",577,0,-36,-6
"2990","Velma Dinkley",578,0,-36,-7
"2991","Velma Dinkley",579,0,-36,-7
"2992","Velma Dinkley",580,0,-36,-7
"2993","Velma Dinkley",581,0,-36,-7
"2994","Velma Dinkley",582,0,-36,-6
"2995","Velma Dinkley",583,0,-36,-7
"2996","Velma Dinkley",584,0,-36,-8
"2997","Velma Dinkley",585,0,-36,-8
"2998","Velma Dinkley",586,0,-36,-8
"2999","Velma Dinkley",587,0,-36,-8
"3000","Velma Dinkley",588,0,-36,-8
"3001","Velma Dinkley",589,0,-36,-7
"3002","Velma Dinkley",590,0,-36,-7
"3003","Velma Dinkley",591,0,-36,-7
"3004","Velma Dinkley",592,0,-36,-7
"3005","Velma Dinkley",593,0,-36,-7
"3006","Velma Dinkley",594,0,-36,-6
"3007","Velma Dinkley",595,0,-36,-6
"3008","Velma Dinkley",596,0,-36,-7
"3009","Velma Dinkley",597,0,-36,-7
"3010","Velma Dinkley",598,1,-35,-5
"3011","Velma Dinkley",599,0,-35,-5
"3012","Velma Dinkley",600,1,-34,-4
"3013","Velma Dinkley",601,1,-33,-3
"3014","Velma Dinkley",602,-1,-34,-4
"3015","Velma Dinkley",603,1,-33,-3
